section,Section/ station,Line,Otheraffectedlines,From,To,Duration
AJJ-RU,AJJ-AJJN,DN,NULL,00:30,03:30,3:00
AJJ-RU,MLPM-AJJN,DN,NULL,00:30,03:30,3:00
AJJ-RU,AJJN-TRT,DN,NULL,00:40,03:40,3:00
AJJ-RU,TRT-POI,DN,NULL,00:45,04:45,4:00
AJJ-RU,POI-NG,DN,NULL,00:50,03:50,3:00
AJJ-RU,NG-VAG,DN,NULL,00:55,03:55,3:00
AJJ-RU,VGA-PUT,DN,NULL,01:00,04:00,3:00
AJJ-RU,PUT-TDK,DN,NULL,01:05,04:05,3:00
AJJ-RU,TDK-PUDI,DN,NULL,01:15,04:15,3:00
AJJ-RU,PUDI-RU,DN,NULL,01:30,04:30,3:00
AJJ-RU,AJJ-AJJN,UP,NULL,01:10,04:10,3:00
AJJ-RU,MLPM-AJJN,UP,NULL,01:05,04:05,3:00
AJJ-RU,AJJN-TRT,UP,NULL,01:00,04:00,3:00
AJJ-RU,TRT-POI,UP,NULL,00:55,03:55,3:00
AJJ-RU,POI-NG,UP,NULL,00:50,03:50,3:00
AJJ-RU,NG-VAG,UP,NULL,00:40,03:40,3:00
AJJ-RU,VGA-PUT,UP,NULL,00:30,03:30,3:00
AJJ-RU,PUT-TDK,UP,NULL,00:25,03:25,3:00
AJJ-RU,TDK-PUDI,UP,NULL,00:15,03:15,3:00
AJJ-RU,PUDI-RU,UP,NULL,00:10,03:10,3:00
AJJ-RU,AJJ-YD,DN,NULL,00:30,03:30,3:00
AJJ-RU,MLPM-YD,DN,NULL,00:30,03:30,3:00
AJJ-RU,AJJN-YD,DN,NULL,00:40,03:40,3:00
AJJ-RU,TRT-YD,DN,NULL,00:45,04:45,4:00
AJJ-RU,POI-YD,DN,NULL,00:50,03:50,3:00
AJJ-RU,NG-YD,DN,NULL,00:55,03:55,3:00
AJJ-RU,VAG-YD,DN,NULL,01:00,04:00,3:00
AJJ-RU,PUT-YD,DN,NULL,01:05,04:05,3:00
AJJ-RU,TDK-YD,DN,NULL,01:15,04:15,3:00
AJJ-RU,PUDI-YD,DN,NULL,01:30,04:30,3:00
AJJ-RU,RU-YD,DN,NULL,01:30,04:30,3:00
AJJ-RU,AJJ-YD,UP,NULL,01:10,04:10,3:00
AJJ-RU,MLPM-YD,UP,NULL,01:05,04:05,3:00
AJJ-RU,AJJN-YD,UP,NULL,01:00,04:00,3:00
AJJ-RU,TRT-YD,UP,NULL,00:55,03:55,3:00
AJJ-RU,POI-YD,UP,NULL,00:50,03:50,3:00
AJJ-RU,NG-YD,UP,NULL,00:40,03:40,3:00
AJJ-RU,VAG-YD,UP,NULL,00:30,03:30,3:00
AJJ-RU,PUT-YD,UP,NULL,00:25,03:25,3:00
AJJ-RU,TDK-YD,UP,NULL,00:15,03:15,3:00
AJJ-RU,PUDI-YD,UP,NULL,00:10,03:10,3:00
AJJ-RU,RU-YD,UP,NULL,00:10,03:10,3:00
MAS-AJJ,MAS-BBQ,Down slow,NULL,00:30,03:30,3:00
MAS-AJJ,MASS-BBQ,Down slow,NULL,00:30,03:30,3:00
MAS-AJJ,BBQ-VPY,Down slow,NULL,00:35,03:35,3:00
MAS-AJJ,VPY-VLK,Down slow,NULL,00:50,03:50,3:00
MAS-AJJ,VLK-ABU,Down slow,NULL,01:00,04:00,3:00
MAS-AJJ,ABU-AVD,Down slow,NULL,01:05,03:35,2:30
MAS-AJJ,AVD-PAB,Down slow,NULL,00:15,03:00,2:45
MAS-AJJ,PAB-TI,Down slow,NULL,00:20,03:20,3:00
MAS-AJJ,TI-TRL,Down slow,NULL,00:35,03:35,3:00
MAS-AJJ,TRL-KBT,Down slow,NULL,00:35,03:35,3:00
MAS-AJJ,KBT-TO,Down slow,NULL,00:45,03:45,3:00
MAS-AJJ,TO-AJJ,Down slow,NULL,00:50,03:50,3:00
MAS-AJJ,MAS-YD,Down slow,NULL,00:30,03:30,3:00
MAS-AJJ,MASS-YD,Down slow,NULL,23:30,02:30,3:00
MAS-AJJ,BBQ-YD,Down slow,NULL,00:30,03:30,3:00
MAS-AJJ,MMCC-YD,Down slow,NULL,00:30,03:30,3:00
MAS-AJJ,VPY-YD,Down slow,NULL,00:35,03:35,3:00
MAS-AJJ,VLK-YD,Down slow,NULL,00:50,03:50,3:00
MAS-AJJ,ABU-YD,Down slow,NULL,01:00,04:00,3:00
MAS-AJJ,AVD-YD,Down slow,NULL,01:05,03:35,2:30
MAS-AJJ,PAB-YD,Down slow,NULL,00:15,03:00,2:45
MAS-AJJ,TI-YD,Down slow,NULL,00:20,03:20,3:00
MAS-AJJ,TRL-YD,Down slow,NULL,00:35,03:35,3:00
MAS-AJJ,KBT-YD,Down slow,NULL,00:35,03:35,3:00
MAS-AJJ,TO-YD,Down slow,NULL,00:45,03:45,3:00
MAS-AJJ,AJJ-YD,Down slow,NULL,00:50,03:50,3:00
MAS-AJJ,MAS-BBQ,Up fast,NULL,23:30,02:30,3:00
MAS-AJJ,MASS-BBQ,Up fast,NULL,23:30,02:30,3:00
MAS-AJJ,MMCC-BBQ,Up fast,NULL,23:30,02:30,3:00
MAS-AJJ,BBQ-VPY,Up fast,NULL,23:20,02:20,3:00
MAS-AJJ,VPY-VLK,Up fast,NULL,23:15,02:15,3:00
MAS-AJJ,VLK-ABU,Up fast,NULL,23:05,02:05,3:00
MAS-AJJ,ABU-AVD,Up fast,NULL,23:00,02:00,3:00
MAS-AJJ,AVD-PAB,Up fast,NULL,22:55,01:55,3:00
MAS-AJJ,PAB-TI,Up fast,NULL,22:50,01:50,3:00
MAS-AJJ,TI-TRL,Up fast,NULL,22:45,01:45,3:00
MAS-AJJ,TRL-KBT,Up fast,NULL,22:40,01:40,3:00
MAS-AJJ,KBT-TO,Up fast,NULL,22:35,01:35,3:00
MAS-AJJ,TO-AJJ,Up fast,NULL,22:30,01:30,3:00
MAS-AJJ,MAS-YD,Up fast,NULL,23:30,02:30,3:00
MAS-AJJ,MASS-YD,Up fast,NULL,22:30,01:30,3:00
MAS-AJJ,BBQ-YD,Up fast,NULL,23:30,02:30,3:00
MAS-AJJ,MMCC-YD,Up fast,NULL,23:20,02:20,3:00
MAS-AJJ,VPY-YD,Up fast,NULL,23:15,02:15,3:00
MAS-AJJ,VLK-YD,Up fast,NULL,23:05,02:05,3:00
MAS-AJJ,ABU-YD,Up fast,NULL,23:00,02:00,3:00
MAS-AJJ,AVD-YD,Up fast,NULL,22:55,01:55,3:00
MAS-AJJ,PAB-YD,Up fast,NULL,22:50,01:50,3:00
MAS-AJJ,TI-YD,Up fast,NULL,22:45,01:45,3:00
MAS-AJJ,TRL-YD,Up fast,NULL,22:40,01:40,3:00
MAS-AJJ,KBT-YD,Up fast,NULL,22:35,01:35,3:00
MAS-AJJ,TO-YD,Up fast,NULL,22:30,01:30,3:00
MAS-AJJ,AJJ-YD,Up fast,NULL,22:20,01:20,3:00
MAS-AJJ,MAS-BBQ,Down fast,NULL,23:55,02:55,3:00
MAS-AJJ,MASS-BBQ,Down fast,NULL,23:55,02:55,3:00
MAS-AJJ,MMCC-BBQ,Down fast,NULL,23:55,02:55,3:00
MAS-AJJ,BBQ-VPY,Down fast,NULL,00:00,03:00,3:00
MAS-AJJ,VPY-VLK,Down fast,NULL,00:05,03:05,3:00
MAS-AJJ,VLK-ABU,Down fast,NULL,00:10,03:10,3:00
MAS-AJJ,ABU-AVD,Down fast,NULL,00:30,03:30,3:00
MAS-AJJ,AVD-PAB,Down fast,NULL,00:35,03:35,3:00
MAS-AJJ,PAB-TI,Down fast,NULL,00:40,03:40,3:00
MAS-AJJ,TI-TRL,Down fast,NULL,00:45,03:45,3:00
MAS-AJJ,TRL-KBT,Down fast,NULL,00:50,03:50,3:00
MAS-AJJ,KBT-TO,Down fast,NULL,00:55,03:55,3:00
MAS-AJJ,TO-AJJ,Down fast,NULL,01:00,04:00,3:00
MAS-AJJ,MAS-YD,Down fast,NULL,23:55,02:55,3:00
MAS-AJJ,MASS-YD,Down fast,NULL,23:55,02:55,3:00
MAS-AJJ,BBQ-YD,Down fast,NULL,23:55,02:55,3:00
MAS-AJJ,MMCC-YD,Down fast,NULL,23:55,02:55,3:00
MAS-AJJ,VPY-YD,Down fast,NULL,00:00,03:00,3:00
MAS-AJJ,VLK-YD,Down fast,NULL,00:05,03:05,3:00
MAS-AJJ,ABU-YD,Down fast,NULL,00:10,03:10,3:00
MAS-AJJ,AVD-YD,Down fast,NULL,00:30,03:30,3:00
MAS-AJJ,PAB-YD,Down fast,NULL,00:35,03:35,3:00
MAS-AJJ,TI-YD,Down fast,NULL,00:40,03:40,3:00
MAS-AJJ,TRL-YD,Down fast,NULL,00:45,03:45,3:00
MAS-AJJ,KBT-YD,Down fast,NULL,00:50,03:50,3:00
MAS-AJJ,TO-YD,Down fast,NULL,00:55,03:55,3:00
MAS-AJJ,AJJ-YD,Down fast,NULL,01:00,04:00,3:00
MAS-AJJ,MAS-BBQ,Up slow,NULL,00:30,03:30,3:00
MAS-AJJ,MASS-BBQ,Up slow,NULL,00:30,03:30,3:00
MAS-AJJ,MMCC-BBQ,Up slow,NULL,00:30,03:30,3:00
MAS-AJJ,BBQ-VPY,Up slow,NULL,00:25,03:25,3:00
MAS-AJJ,VPY-VLK,Up slow,NULL,00:20,03:20,3:00
MAS-AJJ,VLK-ABU,Up slow,NULL,00:10,03:10,3:00
MAS-AJJ,ABU-AVD,Up slow,NULL,00:00,03:00,3:00
MAS-AJJ,AVD-PAB,Up slow,NULL,23:45,02:45,3:00
MAS-AJJ,PAB-TI,Up slow,NULL,23:15,02:15,3:00
MAS-AJJ,TI-TRL,Up slow,NULL,23:05,02:05,3:00
MAS-AJJ,TRL-KBT,Up slow,NULL,22:55,01:55,3:00
MAS-AJJ,KBT-TO,Up slow,NULL,23:45,01:45,2:00
MAS-AJJ,TO-AJJ,Up slow,NULL,22:30,01:30,3:00
MAS-AJJ,MAS-YD,Up slow,NULL,00:30,03:30,3:00
MAS-AJJ,MASS-YD,Up slow,NULL,23:30,02:30,3:00
MAS-AJJ,BBQ-YD,Up slow,NULL,00:30,03:30,3:00
MAS-AJJ,MMCC-YD,Up slow,NULL,00:25,03:25,3:00
MAS-AJJ,VPY-YD,Up slow,NULL,00:20,03:20,3:00
MAS-AJJ,VLK-YD,Up slow,NULL,00:10,03:10,3:00
MAS-AJJ,ABU-YD,Up slow,NULL,00:00,03:00,3:00
MAS-AJJ,AVD-YD,Up slow,NULL,23:45,02:45,3:00
MAS-AJJ,PAB-YD,Up slow,NULL,23:15,02:15,3:00
MAS-AJJ,TI-YD,Up slow,NULL,23:05,02:05,3:00
MAS-AJJ,TRL-YD,Up slow,NULL,22:55,01:55,3:00
MAS-AJJ,KBT-YD,Up slow,NULL,23:45,01:45,2:00
MAS-AJJ,TO-YD,Up slow,NULL,22:30,01:30,3:00
MAS-AJJ,AJJ-YD,Up slow,NULL,00:05,03:05,3:00
AJJ-KPD,AJJ-MLPM,Down line,NULL,11:00,14:00,3:00
AJJ-KPD,MLPM-CTRE,Down line,NULL,12:00,14:30,2:30
AJJ-KPD,CTRE-MDVE,Down line,NULL,12:05,14:35,2:30
AJJ-KPD,MDVE-SHU,Down line,NULL,12:10,14:40,2:30
AJJ-KPD,SHU-TUG,Down line,NULL,12:15,14:45,2:30
AJJ-KPD,TUG-WJR,Down line,NULL,12:20,14:50,2:30
AJJ-KPD,WJR-MCN,Down line,NULL,12:25,14:55,2:30
AJJ-KPD,MCN-THL,Down line,NULL,12:30,15:00,2:30
AJJ-KPD,THL-SVUR,Down line,NULL,12:35,15:05,2:30
AJJ-KPD,SVUR-KPD,Down line,NULL,12:40,15:10,2:30
AJJ-KPD,KPD-RAM,Down line,NULL,12:40,15:10,2:30
AJJ-KPD,KPD-VLR,Down line,NULL,12:40,15:10,2:30
AJJ-KPD,AJJ-YD,Down line,NULL,11:00,14:00,3:00
AJJ-KPD,MLPM-YD,Down line,NULL,12:00,14:30,2:30
AJJ-KPD,CTRE-YD,Down line,NULL,12:05,14:35,2:30
AJJ-KPD,MDVE-YD,Down line,NULL,12:10,14:40,2:30
AJJ-KPD,SHU-YD,Down line,NULL,12:15,14:45,2:30
AJJ-KPD,TUG-YD,Down line,NULL,12:20,14:50,2:30
AJJ-KPD,WJR-YD,Down line,NULL,12:25,14:55,2:30
AJJ-KPD,MCN-YD,Down line,NULL,12:30,15:00,2:30
AJJ-KPD,THL-YD,Down line,NULL,12:35,15:05,2:30
AJJ-KPD,SVUR-YD,Down line,NULL,12:40,15:10,2:30
AJJ-KPD,KPD-YD,Down line,NULL,12:40,15:10,2:30
KPD-JTJ,KPD-LTI,Down line,NULL,12:45,15:15,2:30
KPD-JTJ,LTI-KVN,Down line,NULL,12:55,15:25,2:30
KPD-JTJ,KVN-GYM,Down line,NULL,13:00,15:30,2:30
KPD-JTJ,GYM-VLT,Down line,NULL,13:05,15:35,2:30
KPD-JTJ,VLT-MPI,Down line,NULL,13:10,15:40,2:30
KPD-JTJ,MPI-PCKM,Down line,NULL,13:15,15:45,2:30
KPD-JTJ,PCKM-AB,Down line,NULL,13:20,15:50,2:30
KPD-JTJ,AB-VGM,Down line,NULL,13:25,15:55,2:30
KPD-JTJ,VGM-VN,Down line,NULL,13:30,16:00,2:30
KPD-JTJ,VN-KDY,Down line,NULL,13:35,16:05,2:30
KPD-JTJ,KDY-JTJ,Down line,NULL,13:40,16:10,2:30
KPD-JTJ,JTJ AUX -TPT,Down line,NULL,13:40,16:10,2:30
KPD-JTJ,KPD-YD,Down line,NULL,12:45,15:15,2:30
KPD-JTJ,LTI-YD,Down line,NULL,12:55,15:25,2:30
KPD-JTJ,KVN-YD,Down line,NULL,13:00,15:30,2:30
KPD-JTJ,GYM-YD,Down line,NULL,13:05,15:35,2:30
KPD-JTJ,VLT-YD,Down line,NULL,13:10,15:40,2:30
KPD-JTJ,MPI-YD,Down line,NULL,13:15,15:45,2:30
KPD-JTJ,PCKM-YD,Down line,NULL,13:20,15:50,2:30
KPD-JTJ,AB-YD,Down line,NULL,13:25,15:55,2:30
KPD-JTJ,VGM-YD,Down line,NULL,13:30,16:00,2:30
KPD-JTJ,VN-YD,Down line,NULL,13:35,16:05,2:30
KPD-JTJ,KDY-YD,Down line,NULL,13:40,16:10,2:30
KPD-JTJ,JTJ-YD,Down line,NULL,13:40,16:10,2:30
AJJ-KPD,AJJ-MLPM,UP line,NULL,22:10,01:10,3:00
AJJ-KPD,MLPM-CTRE,UP line,NULL,22:05,01:05,3:00
AJJ-KPD,CTRE-MDVE,UP line,NULL,22:00,01:00,3:00
AJJ-KPD,MDVE-SHU,UP line,NULL,21:50,00:50,3:00
AJJ-KPD,SHU-TUG,UP line,NULL,21:45,00:45,3:00
AJJ-KPD,TUG-WJR,UP line,NULL,21:40,00:40,3:00
AJJ-KPD,WJR-MCN,UP line,NULL,21:30,00:30,3:00
AJJ-KPD,MCN-THL,UP line,NULL,21:25,00:25,3:00
AJJ-KPD,THL-SVUR,UP line,NULL,21:20,00:20,3:00
AJJ-KPD,SVUR-KPD,UP line,NULL,21:15,00:15,3:00
AJJ-KPD,KPD-RAM,UP line,NULL,21:15,00:15,3:00
AJJ-KPD,KPD-VLR,UP line,NULL,21:15,00:15,3:00
AJJ-KPD,AJJ-YD,UP line,NULL,22:10,01:10,3:00
AJJ-KPD,MLPM-YD,UP line,NULL,22:05,01:05,3:00
AJJ-KPD,CTRE-YD,UP line,NULL,22:00,01:00,3:00
AJJ-KPD,MDVE-YD,UP line,NULL,21:50,00:50,3:00
AJJ-KPD,SHU-YD,UP line,NULL,21:45,00:45,3:00
AJJ-KPD,TUG-YD,UP line,NULL,21:40,00:40,3:00
AJJ-KPD,WJR-YD,UP line,NULL,21:30,00:30,3:00
AJJ-KPD,MCN-YD,UP line,NULL,21:25,00:25,3:00
AJJ-KPD,THL-YD,UP line,NULL,21:20,00:20,3:00
AJJ-KPD,SVUR-YD,UP line,NULL,21:15,00:15,3:00
AJJ-KPD,KPD-YD,UP line,NULL,21:15,00:15,3:00
KPD-JTJ,KPD-LTI,UP line,NULL,22:30,00:45,2:15
KPD-JTJ,LTI-KVN,UP line,NULL,22:05,00:40,2:35
KPD-JTJ,KVN-GYM,UP line,NULL,22:00,00:35,2:35
KPD-JTJ,GYM-VLT,UP line,NULL,21:50,00:35,2:45
KPD-JTJ,VLT-MPI,UP line,NULL,21:45,00:30,2:45
KPD-JTJ,MPI-PCKM,UP line,NULL,21:40,00:30,2:50
KPD-JTJ,PCKM-AB,UP line,NULL,21:35,00:25,2:50
KPD-JTJ,AB-VGM,UP line,NULL,21:30,00:20,2:50
KPD-JTJ,VGM-VN,UP line,NULL,21:25,00:15,2:50
KPD-JTJ,VN-KDY,UP line,NULL,21:20,00:10,2:50
KPD-JTJ,KDY-JTJ,UP line,NULL,21:10,00:00,2:50
KPD-JTJ,JTJ AUX -TPT,UP line,NULL,21:10,00:00,2:50
KPD-JTJ,KPD-YD,UP line,NULL,22:30,00:45,2:15
KPD-JTJ,LTI-YD,UP line,NULL,22:05,00:40,2:35
KPD-JTJ,KVN-YD,UP line,NULL,22:00,00:35,2:35
KPD-JTJ,GYM-YD,UP line,NULL,21:50,00:35,2:45
KPD-JTJ,VLT-YD,UP line,NULL,21:45,00:30,2:45
KPD-JTJ,MPI-YD,UP line,NULL,21:40,00:30,2:50
KPD-JTJ,PCKM-YD,UP line,NULL,21:35,00:25,2:50
KPD-JTJ,AB-YD,UP line,NULL,21:30,00:20,2:50
KPD-JTJ,VGM-YD,UP line,NULL,21:25,00:15,2:50
KPD-JTJ,VN-YD,UP line,NULL,21:20,00:10,2:50
KPD-JTJ,KDY-YD,UP line,NULL,21:10,00:00,2:50
KPD-JTJ,JTJ-YD,UP line,NULL,21:10,00:00,2:50
AJJ-CGL,CGL-RDY,SINGLE LINE,NULL,01:00,04:00,3:00
AJJ-CGL,RDY-VB,SINGLE LINE,NULL,01:00,04:00,3:00
AJJ-CGL,CGL-PALR,SINGLE LINE,NULL,01:00,04:00,3:00
AJJ-CGL,VB-PALR,SINGLE LINE,NULL,01:00,04:00,3:00
AJJ-CGL,PALR-PYV,SINGLE LINE,NULL,01:00,04:00,3:00
AJJ-CGL,PYV-WJ,SINGLE LINE,NULL,01:00,04:00,3:00
AJJ-CGL,WJ-NTT,SINGLE LINE,NULL,01:00,04:00,3:00
AJJ-CGL,NTT-CJ(O),SINGLE LINE,NULL,01:00,04:00,3:00
AJJ-CGL,CJ(O)-CJ(E),SINGLE LINE,NULL,01:00,04:00,3:00
AJJ-CGL,CJ(E)-TMLP,SINGLE LINE,NULL,01:00,04:00,3:00
AJJ-CGL,TMLP-TKO,SINGLE LINE,NULL,01:00,04:00,3:00
AJJ-CGL,TMPL-TKO,SINGLE LINE,NULL,01:00,04:00,3:00
AJJ-CGL,TKO-MLPM,SINGLE LINE,NULL,01:00,04:00,3:00
AJJ-CGL,MLPM-AJJ,SINGLE LINE,NULL,01:00,04:00,3:00
AJJ-CGL,CGL-YD,SINGLE LINE,NULL,01:00,04:00,3:00
AJJ-CGL,PALR-YD,SINGLE LINE,NULL,01:00,04:00,3:00
AJJ-CGL,WJ-YD,SINGLE LINE,NULL,01:00,04:00,3:00
AJJ-CGL,CJ(O)-YD,SINGLE LINE,NULL,01:00,04:00,3:00
AJJ-CGL,CJ(E)-YD,SINGLE LINE,NULL,01:00,04:00,3:00
AJJ-CGL,TMLP-YD,SINGLE LINE,NULL,01:00,04:00,3:00
AJJ-CGL,MLPM-YD,SINGLE LINE,NULL,01:00,04:00,3:00
AJJ-CGL,AJJ-YD,SINGLE LINE,NULL,01:00,04:00,3:00
MAS-GDR,MASS-BBQ,Down Slow,NULL,22:30,01:30,3:00
MAS-GDR,MAS-BBQ,Down Slow,NULL,23:30,02:30,3:00
MAS-GDR,MMC-BBQ,Down Slow,NULL,00:30,03:30,3:00
MAS-GDR,BBQ-KOK,Down Slow,NULL,00:35,03:35,3:00
MAS-GDR,KOK-TNP,Down Slow,NULL,00:40,03:40,3:00
MAS-GDR,TNP-TVT,Down Slow,NULL,00:45,03:45,3:00
MAS-GDR,TVT-ENR,Down Slow,NULL,00:50,03:50,3:00
MAS-GDR,ENR-AIP,Down Slow,NULL,01:00,04:00,3:00
MAS-GDR,AIP-AIPP,Down Slow,NULL,01:10,04:10,3:00
MAS-GDR,AIPP-MJR,Down line,NULL,01:20,04:20,3:00
MAS-GDR,MJR-PON,Down line,NULL,01:30,04:30,3:00
MAS-GDR,PON-KVP,Down line,NULL,01:40,04:40,3:00
MAS-GDR,KVP-GPD,Down line,NULL,01:45,04:45,3:00
MAS-GDR,MMC-YD,Down Slow,NULL,00:30,03:30,3:00
MAS-GDR,BBQ-YD,Down Slow,NULL,00:35,03:35,3:00
MAS-GDR,KOK-YD,Down Slow,NULL,00:40,03:40,3:00
MAS-GDR,TNP-YD,Down Slow,NULL,00:45,03:45,3:00
MAS-GDR,TVT-YD,Down Slow,NULL,00:50,03:50,3:00
MAS-GDR,ENR-YD,Down Slow,NULL,01:00,04:00,3:00
MAS-GDR,AIP-YD,Down Slow,NULL,01:10,04:10,3:00
MAS-GDR,AIPP-YD,Down Slow,NULL,01:20,04:20,3:00
MAS-GDR,MMC-YD,Down Fast,NULL,00:30,03:30,3:00
MAS-GDR,BBQ-YD,Down Fast,NULL,00:35,03:35,3:00
MAS-GDR,KOK-YD,Down Fast,NULL,11:00,14:00,3:00
MAS-GDR,TNP-YD,Down Fast,NULL,11:10,14:10,3:00
MAS-GDR,TVT-YD,Down Fast,NULL,11:25,14:25,3:00
MAS-GDR,ENR-YD,Down Fast,NULL,11:35,14:35,3:00
MAS-GDR,AIP-YD,Down Fast,NULL,11:45,14:45,3:00
MAS-GDR,AIPP-YD,Down Fast,NULL,11:55,14:55,3:00
MAS-GDR,MASS-BBQ,Down Fast,NULL,00:30,03:30,3:00
MAS-GDR,MAS-BBQ,Down Fast,NULL,00:30,03:30,3:00
MAS-GDR,MMC-BBQ,Down Fast,NULL,00:30,03:30,3:00
MAS-GDR,BBQ-KOK,Down Fast,NULL,00:35,03:35,3:00
MAS-GDR,KOK-TNP,Down Fast,NULL,11:00,14:00,3:00
MAS-GDR,TNP-TVT,Down Fast,NULL,11:10,14:10,3:00
MAS-GDR,TVT-ENR,Down Fast,NULL,11:25,14:25,3:00
MAS-GDR,ENR-AIP,Down Fast,NULL,11:35,14:35,3:00
MAS-GDR,AIP-AIPP,Down Fast,NULL,11:45,14:45,3:00
MAS-GDR,MJR-YD,Down line,NULL,01:20,04:20,3:00
MAS-GDR,PON-YD,Down line,NULL,01:30,04:30,3:00
MAS-GDR,KVP-YD,Down line,NULL,01:40,04:40,3:00
MAS-GDR,GPD-YD,Down line,NULL,01:45,04:45,3:00
MAS-GDR,GPD-ELR,Down line,NULL,01:45,04:45,3:00
MAS-GDR,ELR-AKM,Down line,NULL,01:50,04:50,3:00
MAS-GDR,AKM-TAD,Down line,NULL,02:00,05:00,3:00
MAS-GDR,TAD-AKAT,Down line,NULL,02:05,05:05,3:00
MAS-GDR,AKAT-SPE,Down line,NULL,02:10,05:10,3:00
MAS-GDR,ELR-YD,Down line,NULL,01:50,04:50,3:00
MAS-GDR,AKM-YD,Down line,NULL,02:00,05:00,3:00
MAS-GDR,TAD-YD,Down line,NULL,02:05,05:05,3:00
MAS-GDR,SPE-YD,Down line,NULL,02:15,05:15,3:00
MAS-GDR,SPE-PEL,Down line,NULL,02:15,05:15,3:00
MAS-GDR,PEL-DVR,Down line,NULL,02:20,05:20,3:00
MAS-GDR,DVR-NYP,Down line,NULL,02:30,05:30,3:00
MAS-GDR,NYP-PYA,Down line,NULL,02:40,05:40,3:00
MAS-GDR,PYA-ODR,Down line,NULL,02:50,05:50,3:00
MAS-GDR,ODR-GDR,Down line,NULL,03:00,06:00,3:00
MAS-GDR,PEL-YD,Down line,NULL,02:20,05:20,3:00
MAS-GDR,DVR-YD,Down line,NULL,02:30,05:30,3:00
MAS-GDR,NYP-YD,Down line,NULL,02:40,05:40,3:00
MAS-GDR,PYA-YD,Down line,NULL,02:50,05:50,3:00
MAS-GDR,ODR-YD,Down line,NULL,03:00,06:00,3:00
MAS-GDR,GDR-YD,Down line,NULL,02:00,05:00,3:00
MAS-GDR,MASS-BBQ,UP slow,NULL,00:20,03:20,3:00
MAS-GDR,MAS-BBQ,UP slow,NULL,00:20,03:20,3:00
MAS-GDR,MMC-BBQ,UP slow,NULL,00:20,03:20,3:00
MAS-GDR,BBQ-KOK,UP slow,NULL,23:40,02:40,3:00
MAS-GDR,KOK-TNP,UP slow,NULL,23:35,02:35,3:00
MAS-GDR,TNP-TVT,UP slow,NULL,23:30,02:30,3:00
MAS-GDR,TVT-ENR,UP slow,NULL,23:25,02:25,3:00
MAS-GDR,ENR-AIP,UP slow,NULL,23:20,02:20,3:00
MAS-GDR,AIP-AIPP,UP slow,NULL,23:15,02:15,3:00
MAS-GDR,AIPP-MJR,UP line,NULL,23:10,02:10,3:00
MAS-GDR,MJR-PON,UP line,NULL,23:05,02:05,3:00
MAS-GDR,PON-KVP,UP line,NULL,22:50,01:50,3:00
MAS-GDR,KVP-GPD,UP line,NULL,22:40,01:40,3:00
MAS-GDR,MMC-YD,UP slow,NULL,23:55,02:55,3:00
MAS-GDR,BBQ-YD,UP slow,NULL,23:40,02:40,3:00
MAS-GDR,KOK-YD,UP slow,NULL,23:35,02:35,3:00
MAS-GDR,TNP-YD,UP slow,NULL,23:30,02:30,3:00
MAS-GDR,TVT-YD,UP slow,NULL,23:25,02:25,3:00
MAS-GDR,ENR-YD,UP slow,NULL,23:20,02:20,3:00
MAS-GDR,AIP-YD,UP slow,NULL,23:15,02:15,3:00
MAS-GDR,MMC-YD,UP fast,NULL,22:30,01:30,3:00
MAS-GDR,BBQ-YD,UP fast,NULL,22:30,01:30,3:00
MAS-GDR,KOK-YD,UP fast,NULL,11:45,14:45,3:00
MAS-GDR,TNP-YD,UP fast,NULL,11:45,14:45,3:00
MAS-GDR,TVT-YD,UP fast,NULL,11:35,14:35,3:00
MAS-GDR,ENR-YD,UP fast,NULL,11:25,14:25,3:00
MAS-GDR,AIP-YD,UP fast,NULL,11:10,14:10,3:00
MAS-GDR,MASS-BBQ,UP fast,NULL,23:55,02:55,3:00
MAS-GDR,MAS-BBQ,UP fast,NULL,23:55,02:55,3:00
MAS-GDR,MMC-BBQ,UP fast,NULL,23:55,02:55,3:00
MAS-GDR,BBQ-KOK,UP fast,NULL,23:40,02:40,3:00
MAS-GDR,KOK-TNP,UP fast,NULL,11:45,14:45,3:00
MAS-GDR,TNP-TVT,UP fast,NULL,11:35,14:35,3:00
MAS-GDR,TVT-ENR,UP fast,NULL,11:25,14:25,3:00
MAS-GDR,ENR-AIP,UP fast,NULL,11:10,14:10,3:00
MAS-GDR,AIP-AIPP,UP fast,NULL,11:00,14:00,3:00
MAS-GDR,AIPP-YD,UP line,NULL,23:10,02:10,3:00
MAS-GDR,MJR-YD,UP line,NULL,23:05,02:05,3:00
MAS-GDR,PON-YD,UP line,NULL,22:50,01:50,3:00
MAS-GDR,KVP-YD,UP line,NULL,22:40,01:40,3:00
MAS-GDR,GPD-YD,UP line,NULL,22:35,01:35,3:00
MAS-GDR,GPD-ELR,UP line,NULL,22:35,01:35,3:00
MAS-GDR,ELR-AKM,UP line,NULL,22:30,01:30,3:00
MAS-GDR,AKM-TAD,UP line,NULL,22:25,01:25,3:00
MAS-GDR,TAD-AKAT,UP line,NULL,22:20,01:20,3:00
MAS-GDR,AKAT-SPE,UP line,NULL,22:20,01:20,3:00
MAS-GDR,ELR-YD,UP line,NULL,22:30,01:30,3:00
MAS-GDR,AKM-YD,UP line,NULL,22:25,01:25,3:00
MAS-GDR,TAD-YD,UP line,NULL,22:20,01:20,3:00
MAS-GDR,SPE-YD,UP line,NULL,22:15,01:15,3:00
MAS-GDR,SPE-PEL,UP line,NULL,22:15,01:15,3:00
MAS-GDR,PEL-DVR,UP line,NULL,22:05,01:05,3:00
MAS-GDR,DVR-NYP,UP line,NULL,22:00,01:00,3:00
MAS-GDR,NYP-PYA,UP line,NULL,21:50,00:50,3:00
MAS-GDR,PYA-ODR,UP line,NULL,21:40,00:40,3:00
MAS-GDR,ODR-GDR,UP line,NULL,21:30,00:30,3:00
MAS-GDR,PEL-YD,UP line,NULL,22:05,01:05,3:00
MAS-GDR,DVR-YD,UP line,NULL,22:00,01:00,3:00
MAS-GDR,NYP-YD,UP line,NULL,21:50,00:50,3:00
MAS-GDR,PYA-YD,UP line,NULL,21:40,00:40,3:00
MAS-GDR,ODR-YD,UP line,NULL,21:30,00:30,3:00
MAS-GDR,GDR-YD,UP line,NULL,21:30,00:30,3:00
MSB-VM,MSB-MS,A line,NULL,01:00,04:00,3:00
MSB-VM,MS-MKK,A line,NULL,01:00,04:00,3:00
MSB-VM,MKK-MBM,A line,NULL,01:00,04:00,3:00
MSB-VM,MBM-STM,A line,NULL,01:00,04:00,3:00
MSB-VM,STM-PV,A line,NULL,01:00,04:00,3:00
MSB-VM,PV-TBM,A line,NULL,01:00,04:00,3:00
MSB-VM,MS-YD,A line,NULL,01:00,04:00,3:00
MSB-VM,MKK-YD,A line,NULL,01:00,04:00,3:00
MSB-VM,MBM-YD,A line,NULL,01:00,04:00,3:00
MSB-VM,STM-YD,A line,NULL,01:00,04:00,3:00
MSB-VM,PV-YD,A line,NULL,01:00,04:00,3:00
MSB-VM,MSB-MS,Down Sub urban,NULL,00:20,03:20,3:00
MSB-VM,MS-MKK,Down Sub urban,NULL,00:20,03:20,3:00
MSB-VM,MKK-MBM,Down Sub urban,NULL,00:30,03:30,3:00
MSB-VM,MBM-STM,Down Sub urban,NULL,00:30,03:30,3:00
MSB-VM,STM-PV,Down Sub urban,NULL,00:45,03:45,3:00
MSB-VM,PV-TBM,Down Sub urban,NULL,00:55,03:55,3:00
MSB-VM,MS-YD,Down Sub urban,NULL,00:20,03:20,3:00
MSB-VM,MKK-YD,Down Sub urban,NULL,00:30,03:30,3:00
MSB-VM,MBM-YD,Down Sub urban,NULL,00:30,03:30,3:00
MSB-VM,STM-YD,Down Sub urban,NULL,00:45,03:45,3:00
MSB-VM,PV-YD,Down Sub urban,NULL,00:55,03:55,3:00
MSB-VM,TBM-PRGL,Down line,NULL,01:30,04:30,3:00
MSB-VM,PRGL-VDR,Down line,NULL,01:30,04:30,3:00
MSB-VM,VDR-UPM,Down line,NULL,01:30,04:30,3:00
MSB-VM,UPM-GI,Down line,NULL,01:30,04:30,3:00
MSB-VM,GI-POTI,Down line,NULL,01:30,04:30,3:00
MSB-VM,POTI-CTM,Down line,NULL,01:30,04:30,3:00
MSB-VM,CTM-MMNK,Down line,NULL,01:30,04:30,3:00
MSB-VM,MMNK-SKL,Down line,NULL,01:30,04:30,3:00
MSB-VM,SKL-PWU,Down line,NULL,01:30,04:30,3:00
MSB-VM,PWU-CGL,Down line,NULL,01:30,04:30,3:00
MSB-VM,TBM-YD,Down line,NULL,01:30,04:30,3:00
MSB-VM,VDR-YD,Down line,NULL,01:30,04:30,3:00
MSB-VM,GI-YD,Down line,NULL,01:30,04:30,3:00
MSB-VM,CTM-YD,Down line,NULL,01:30,04:30,3:00
MSB-VM,SKL-YD,Down line,NULL,01:30,04:30,3:00
MSB-VM,CGL-YD,Down line,NULL,01:30,04:30,3:00
MSB-VM,CGL-OV,Down line,NULL,02:00,05:00,3:00
MSB-VM,OV-PTM,Down line,NULL,02:05,05:05,3:00
MSB-VM,PTM-KGZ,Down line,NULL,02:05,05:05,3:00
MSB-VM,KGZ-MMK,Down line,NULL,02:10,05:10,3:00
MSB-VM,MMK-MLMR,Down line,NULL,02:15,05:15,3:00
MSB-VM,MLMR-ACK,Down line,NULL,02:20,05:20,3:00
MSB-VM,ACK-TZD,Down line,NULL,02:20,05:20,3:00
MSB-VM,TZD-OLA,Down line,NULL,02:25,05:25,3:00
MSB-VM,OLA-TMV,Down line,NULL,02:30,05:30,3:00
MSB-VM,TMV-MTL,Down line,NULL,02:35,05:35,3:00
MSB-VM,MTL-PEI,Down line,NULL,02:40,05:40,3:00
MSB-VM,PEI-VVN,Down line,NULL,02:45,05:45,3:00
MSB-VM,VVN-MYP,Down line,NULL,02:50,05:50,3:00
MSB-VM,MYP-VM,Down line,NULL,02:55,05:55,3:00
MSB-VM,OV-YD,Down line,NULL,02:50,05:05,2:15
MSB-VM,KGZ-YD,Down line,NULL,02:10,05:10,3:00
MSB-VM,MMK-YD,Down line,NULL,02:15,05:15,3:00
MSB-VM,MLMR-YD,Down line,NULL,02:20,05:20,3:00
MSB-VM,TZD-YD,Down line,NULL,02:25,05:25,3:00
MSB-VM,OLA-YD,Down line,NULL,02:30,05:30,3:00
MSB-VM,TMV-YD,Down line,NULL,02:35,05:35,3:00
MSB-VM,MTL-YD,Down line,NULL,02:40,05:40,3:00
MSB-VM,PEI-YD,Down line,NULL,02:45,05:45,3:00
MSB-VM,VVN-YD,Down line,NULL,02:50,05:50,3:00
MSB-VM,MYP-YD,Down line,NULL,02:55,05:55,3:00
MSB-VM,VM-YD,Down line,NULL,02:55,05:55,3:00
MSB-VM,MSB-MS, B Line,NULL,23:00,02:00,3:00
MSB-VM,MS-MKK, B Line,NULL,23:00,02:00,3:00
MSB-VM,MKK-MBM, B Line,NULL,23:00,02:00,3:00
MSB-VM,MBM-STM, B Line,NULL,23:00,02:00,3:00
MSB-VM,STM-PV, B Line,NULL,23:00,02:00,3:00
MSB-VM,PV-TBM, B Line,NULL,23:00,02:00,3:00
MSB-VM,MS-YD, B Line,NULL,23:00,02:00,3:00
MSB-VM,MKK-YD, B Line,NULL,23:00,02:00,3:00
MSB-VM,MBM-YD, B Line,NULL,23:00,02:00,3:00
MSB-VM,STM-YD, B Line,NULL,23:00,02:00,3:00
MSB-VM,PV-YD, B Line,NULL,23:00,02:00,3:00
MSB-VM,MSB-MS,Up sub urban,NULL,00:55,03:55,3:00
MSB-VM,MS-MKK,Up sub urban,NULL,00:55,03:55,3:00
MSB-VM,MKK-MBM,Up sub urban,NULL,00:45,03:45,3:00
MSB-VM,MBM-STM,Up sub urban,NULL,00:30,03:30,3:00
MSB-VM,STM-PV,Up sub urban,NULL,00:20,03:20,3:00
MSB-VM,PV-TBM,Up sub urban,NULL,00:10,03:10,3:00
MSB-VM,MS-YD,Up sub urban,NULL,00:55,03:55,3:00
MSB-VM,MKK-YD,Up sub urban,NULL,00:45,03:45,3:00
MSB-VM,MBM-YD,Up sub urban,NULL,00:30,03:30,3:00
MSB-VM,STM-YD,Up sub urban,NULL,00:20,03:20,3:00
MSB-VM,PV-YD,Up sub urban,NULL,00:10,03:10,3:00
MSB-VM,TBM-PRGL,UP line,NULL,23:55,02:25,2:30
MSB-VM,PRGL-VDR,UP line,NULL,23:55,02:25,2:30
MSB-VM,VDR-UPM,UP line,NULL,23:45,02:15,2:30
MSB-VM,UPM-GI,UP line,NULL,23:45,02:15,2:30
MSB-VM,GI-POTI,UP line,NULL,23:35,02:05,2:30
MSB-VM,POTI-CTM,UP line,NULL,23:35,02:05,2:30
MSB-VM,CTM-MMNK,UP line,NULL,23:25,01:55,2:30
MSB-VM,MMNK-SKL,UP line,NULL,23:25,01:55,2:30
MSB-VM,SKL-PWU,UP line,NULL,23:15,01:45,2:30
MSB-VM,PWU-CGL,UP line,NULL,23:15,01:45,2:30
MSB-VM,TBM-YD,UP line,NULL,23:55,02:25,2:30
MSB-VM,VDR-YD,UP line,NULL,23:45,02:15,2:30
MSB-VM,GI-YD,UP line,NULL,23:35,02:05,2:30
MSB-VM,CTM-YD,UP line,NULL,23:25,01:55,2:30
MSB-VM,SKL-YD,UP line,NULL,23:15,01:45,2:30
MSB-VM,CGL-YD,UP line,NULL,23:15,01:45,2:30
MSB-VM,CGL-OV,UP line,NULL,22:10,01:10,3:00
MSB-VM,OV-PTM,UP line,NULL,22:05,01:05,3:00
MSB-VM,PTM-KGZ,UP line,NULL,22:05,01:05,3:00
MSB-VM,KGZ-MMK,UP line,NULL,22:00,01:00,3:00
MSB-VM,MMK-MLMR,UP line,NULL,21:55,00:55,3:00
MSB-VM,MLMR-ACK,UP line,NULL,21:50,00:50,3:00
MSB-VM,ACK-TZD,UP line,NULL,21:50,00:50,3:00
MSB-VM,TZD-OLA,UP line,NULL,21:45,00:45,3:00
MSB-VM,OLA-TMV,UP line,NULL,21:40,00:40,3:00
MSB-VM,TMV-MTL,UP line,NULL,21:35,00:35,3:00
MSB-VM,MTL-PEI,UP line,NULL,21:30,00:30,3:00
MSB-VM,PEI-VVN,UP line,NULL,21:25,00:25,3:00
MSB-VM,VVN-MYP,UP line,NULL,21:20,00:20,3:00
MSB-VM,MYP-VM,UP line,NULL,21:15,00:15,3:00
MSB-VM,OV-YD,UP line,NULL,22:10,01:10,3:00
MSB-VM,KGZ-YD,UP line,NULL,22:05,01:05,3:00
MSB-VM,MMK-YD,UP line,NULL,22:00,00:00,2:00
MSB-VM,MLMR-YD,UP line,NULL,21:55,00:55,3:00
MSB-VM,TZD-YD,UP line,NULL,21:50,00:50,3:00
MSB-VM,OLA-YD,UP line,NULL,21:45,00:45,3:00
MSB-VM,TMV-YD,UP line,NULL,21:40,00:40,3:00
MSB-VM,MTL-YD,UP line,NULL,21:35,00:35,3:00
MSB-VM,PEI-YD,UP line,NULL,21:30,00:30,3:00
MSB-VM,VVN-YD,UP line,NULL,21:25,00:25,3:00
MSB-VM,MYP-YD,UP line,NULL,21:20,00:20,3:00
MSB-VM,VM-YD,UP line,NULL,21:15,00:15,3:00
MSB-VLCY,MSB-MCPK,UP line,NULL,0:30,3:30,3:00
MSB-VLCY,MCPK-MTMY,UP line,NULL,0:40,3:40,3:00
MSB-VLCY,MTMY-VLCY,UP line,NULL,0:50,3:50,3:00
MSB-VLCY,MSB-MCPK,Down line,NULL,0:30,3:30,3:00
MSB-VLCY,MCPK-MTMY,Down line,NULL,0:40,3:40,3:00
MSB-VLCY,MTMY-VLCY,Down line,NULL,0:50,3:50,3:00
TPJ-DG,TPG-PUG,DN,NULL,10:20,13:20,3:00
TPJ-DG,PUG-KLS,DN,NULL,10:20,13:20,3:00
TPJ-DG,KLS-MPA,DN,NULL,10:20,13:20,3:00
TPJ-DG,MPA-VPJ,DN,NULL,10:20,13:20,3:00
TPJ-DG,VPJ-KFC,DN,NULL,10:20,13:20,3:00
TPJ-DG,KFC-AYR,DN,NULL,10:20,13:20,3:00
TPJ-DG,AYR-VDM,DN,NULL,10:20,13:20,3:00
TPJ-DG,VDM-TMP,DN,NULL,10:20,13:20,3:00
TPJ-DG,TMP-DG,DN,NULL,10:20,13:20,3:00
TPJ-DG,TPG-YD,DN,NULL,10:20,13:20,3:00
TPJ-DG,PUG-YD,DN,NULL,10:20,13:20,3:00
TPJ-DG,KLS-YD,DN,NULL,10:20,13:20,3:00
TPJ-DG,MPA-YD,DN,NULL,10:20,13:20,3:00
TPJ-DG,VPJ-YD,DN,NULL,10:20,13:20,3:00
TPJ-DG,KFC-YD,DN,NULL,10:20,13:20,3:00
TPJ-DG,AYR-YD,DN,NULL,10:20,13:20,3:00
TPJ-DG,VDM-YD,DN,NULL,10:20,13:20,3:00
TPJ-DG,TMP-YD,DN,NULL,10:20,13:20,3:00
TPJ-DG,DG-YD,DN,NULL,10:20,13:20,3:00
TPJ-DG,TPG-PUG,UP,NULL,13:00,16:00,3:00
TPJ-DG,PUG-KLS,UP,NULL,13:00,16:00,3:00
TPJ-DG,KLS-MPA,UP,NULL,13:00,16:00,3:00
TPJ-DG,MPA-VPJ,UP,NULL,13:00,16:00,3:00
TPJ-DG,VPJ-KFC,UP,NULL,13:00,16:00,3:00
TPJ-DG,KFC-AYR,UP,NULL,13:00,16:00,3:00
TPJ-DG,AYR-VDM,UP,NULL,13:00,16:00,3:00
TPJ-DG,VDM-TMP,UP,NULL,13:00,16:00,3:00
TPJ-DG,TMP-DG,UP,NULL,13:00,16:00,3:00
TPJ-DG,TPG-YD,UP,NULL,13:00,16:00,3:00
TPJ-DG,PUG-YD,UP,NULL,13:00,16:00,3:00
TPJ-DG,KLS-YD,UP,NULL,13:00,16:00,3:00
TPJ-DG,MPA-YD,UP,NULL,13:00,16:00,3:00
TPJ-DG,VPJ-YD,UP,NULL,13:00,16:00,3:00
TPJ-DG,KFC-YD,UP,NULL,13:00,16:00,3:00
TPJ-DG,AYR-YD,UP,NULL,13:00,16:00,3:00
TPJ-DG,VDM-YD,UP,NULL,13:00,16:00,3:00
TPJ-DG,TMP-YD,UP,NULL,13:00,16:00,3:00
TPJ-DG,DG-YD,UP,NULL,13:00,16:00,3:00
DG-MDU,DG-ABI,UP,NULL,12:30,15:30,3:00
DG-MDU,ABI-KQN,UP,NULL,13:30,16:30,3:00
DG-MDU,KQN-VDP,UP,NULL,14:30,17:30,3:00
DG-MDU,VDP-SDN,UP,NULL,15:30,18:30,3:00
DG-MDU,SDN-SER,UP,NULL,16:30,19:30,3:00
DG-MDU,SER-KON,UP,NULL,17:30,20:30,3:00
DG-MDU,KON-MDU,UP,NULL,18:30,21:30,3:00
DG-MDU,DG-YD,UP,NULL,19:30,22:30,3:00
DG-MDU,ABI-YD,UP,NULL,20:30,23:30,3:00
DG-MDU,KQN-YD,UP,NULL,21:30,0:30,3:00
DG-MDU,VDP-YD,UP,NULL,22:30,1:30,3:00
DG-MDU,SDN-YD,UP,NULL,23:30,2:30,3:00
DG-MDU,SER-YD,UP,NULL,0:30,3:30,3:00
DG-MDU,KON-YD,UP,NULL,1:30,4:30,3:00
DG-MDU,MDU-YD,UP,NULL,2:30,5:30,3:00
DG-MDU,DG-ABI,DN,NULL,11:30,14:30,3:00
DG-MDU,ABI-KQN,DN,NULL,11:30,14:30,3:00
DG-MDU,KQN-VDP,DN,NULL,11:30,14:30,3:00
DG-MDU,VDP-SDN,DN,NULL,11:30,14:30,3:00
DG-MDU,SDN-SER,DN,NULL,11:30,14:30,3:00
DG-MDU,SER-KON,DN,NULL,11:30,14:30,3:00
DG-MDU,KON-MDU,DN,NULL,11:30,14:30,3:00
DG-MDU,DG-YD,DN,NULL,11:30,14:30,3:00
DG-MDU,ABI-YD,DN,NULL,11:30,14:30,3:00
DG-MDU,KQN-YD,DN,NULL,11:30,14:30,3:00
DG-MDU,VDP-YD,DN,NULL,11:30,14:30,3:00
DG-MDU,SDN-YD,DN,NULL,11:30,14:30,3:00
DG-MDU,SER-YD,DN,NULL,11:30,14:30,3:00
DG-MDU,KON-YD,DN,NULL,11:30,14:30,3:00
DG-MDU,MDU-YD,DN,NULL,11:30,14:30,3:00
DG-PLNI-POY,DG-API,Single,NULL,10:15,13:15,3:00
DG-PLNI-POY,API-ODC,Single,NULL,10:15,13:15,3:00
DG-PLNI-POY,ODC-CHPT,Single,NULL,10:15,13:15,3:00
DG-PLNI-POY,CHPT-PLNI,Single,NULL,10:15,13:15,3:00
DG-PLNI-POY,PLNI-PPTR,Single,NULL,11:00,14:00,3:00
DG-PLNI-POY,PPTR-MVRD,Single,NULL,11:00,14:00,3:00
DG-PLNI-POY,MVRD-UDT,Single,NULL,11:00,14:00,3:00
DG-PLNI-POY,UDT-GMGM,Single,NULL,11:00,14:00,3:00
DG-PLNI-POY,GMGM-POY,Single,NULL,11:00,14:00,3:00
DG-PLNI-POY,DG-YD,Single,NULL,10:15,13:15,3:00
DG-PLNI-POY,API-YD,Single,NULL,10:15,13:15,3:00
DG-PLNI-POY,ODC-YD,Single,NULL,10:15,13:15,3:00
DG-PLNI-POY,CHPT-YD,Single,NULL,10:15,13:15,3:00
DG-PLNI-POY,PLNI-YD,Single,NULL,10:15,13:15,3:00
DG-PLNI-POY,PPTR-YD,Single,NULL,11:00,14:00,3:00
DG-PLNI-POY,MVRD-YD,Single,NULL,11:00,14:00,3:00
DG-PLNI-POY,UDT-YD,Single,NULL,11:00,14:00,3:00
DG-PLNI-POY,GMGM-YD,Single,NULL,11:00,14:00,3:00
DG-PLNI-POY,POY-YD,Single,NULL,11:00,14:00,3:00
MDU-VPT,MDU-TDN,DN,NULL,11:50,14:50,3:00
MDU-VPT,TDN-TMQ,DN,NULL,11:50,14:50,3:00
MDU-VPT,TMQ-KGD,DN,NULL,11:50,14:50,3:00
MDU-VPT,KGD-VPT,DN,NULL,11:50,14:50,3:00
MDU-VPT,MDU-YD,DN,NULL,11:50,14:50,3:00
MDU-VPT,TDN-YD,DN,NULL,11:50,14:50,3:00
MDU-VPT,TMQ-YD,DN,NULL,11:50,14:50,3:00
MDU-VPT,KGD-YD,DN,NULL,11:50,14:50,3:00
MDU-VPT,VPT-YD,DN,NULL,11:50,14:50,3:00
MDU-VPT,MDU-TDN,UP,NULL,11:35,14:35,3:00
MDU-VPT,TDN-TMQ,UP,NULL,11:35,14:35,3:00
MDU-VPT,TMQ-KGD,UP,NULL,11:35,14:35,3:00
MDU-VPT,KGD-VPT,UP,NULL,11:35,14:35,3:00
MDU-VPT,MDU-YD,UP,NULL,11:35,14:35,3:00
MDU-VPT,TDN-YD,UP,NULL,11:35,14:35,3:00
MDU-VPT,TMQ-YD,UP,NULL,11:35,14:35,3:00
MDU-VPT,KGD-YD,UP,NULL,11:35,14:35,3:00
MDU-VPT,VPT-YD,UP,NULL,11:35,14:35,3:00
VPT-MEJ,VPT-TY,DN,NULL,12:15,15:15,3:00
VPT-MEJ,TY-SRT,DN,NULL,12:15,15:15,3:00
VPT-MEJ,SRT-NLL,DN,NULL,12:15,15:15,3:00
VPT-MEJ,NLL-CVP,DN,NULL,12:15,15:15,3:00
VPT-MEJ,CVP-KDU,DN,NULL,12:15,15:15,3:00
VPT-MEJ,KDU-MEJ,DN,NULL,12:15,15:15,3:00
VPT-MEJ,VPT-YD,DN,NULL,12:15,15:15,3:00
VPT-MEJ,TY-YD,DN,NULL,12:15,15:15,3:00
VPT-MEJ,SRT-YD,DN,NULL,12:15,15:15,3:00
VPT-MEJ,NLL-YD,DN,NULL,12:15,15:15,3:00
VPT-MEJ,CVP-YD,DN,NULL,12:15,15:15,3:00
VPT-MEJ,KDU-YD,DN,NULL,12:15,15:15,3:00
VPT-MEJ,MEJ-YD,DN,NULL,12:15,15:15,3:00
VPT-MEJ,VPT-TY,UP,NULL,11:15,14:15,3:00
VPT-MEJ,TY-SRT,UP,NULL,11:15,14:15,3:00
VPT-MEJ,SRT-NLL,UP,NULL,11:15,14:15,3:00
VPT-MEJ,NLL-CVP,UP,NULL,11:15,14:15,3:00
VPT-MEJ,CVP-KDU,UP,NULL,11:15,14:15,3:00
VPT-MEJ,KDU-MEJ,UP,NULL,11:15,14:15,3:00
VPT-MEJ,VPT-YD,UP,NULL,11:15,14:15,3:00
VPT-MEJ,TY-YD,UP,NULL,11:15,14:15,3:00
VPT-MEJ,SRT-YD,UP,NULL,11:15,14:15,3:00
VPT-MEJ,NLL-YD,UP,NULL,11:15,14:15,3:00
VPT-MEJ,CVP-YD,UP,NULL,11:15,14:15,3:00
VPT-MEJ,KDU-YD,UP,NULL,11:15,14:15,3:00
VPT-MEJ,MEJ-YD,UP,NULL,11:15,14:15,3:00
MEJ-TN,MEJ-TIP,DN,NULL,10:35,13:35,3:00
MEJ-TN,TIP-MVN,DN,NULL,10:35,13:35,3:00
MEJ-TN,MVN-TN,DN,NULL,10:35,13:35,3:00
MEJ-TN,MVN-MVTS/MVNP,DN,NULL,10:35,13:35,3:00
MEJ-TN,TN-MVN/MVTS,DN,NULL,10:35,13:35,3:00
MEJ-TN,MVN-MMDR,DN,NULL,10:35,13:35,3:00
MEJ-TN,MEJ Jn-YD,DN,NULL,10:35,13:35,3:00
MEJ-TN,TIP-YD,DN,NULL,10:35,13:35,3:00
MEJ-TN,MVN Jn-YD,DN,NULL,10:35,13:35,3:00
MEJ-TN,TN-YD,DN,NULL,10:35,13:35,3:00
MEJ-TN,TNHP-YD,DN,NULL,10:35,13:35,3:00
MEJ-TN,MMDR-YD,DN,NULL,10:35,13:35,3:00
MEJ-TN,MEJ-TIP,UP,NULL,10:30,13:30,3:00
MEJ-TN,TIP-MVN,UP,NULL,10:30,13:30,3:00
MEJ-TN,MVN-TN,UP,NULL,10:30,13:30,3:00
MEJ-TN,MVN-MVTS/MVNP,UP,NULL,10:30,13:30,3:00
MEJ-TN,TN-MVN/MVTS,UP,NULL,10:30,13:30,3:00
MEJ-TN,MVN-MMDR,UP,NULL,10:30,13:30,3:00
MEJ-TN,MEJ Jn-YD,UP,NULL,10:30,13:30,3:00
MEJ-TN,TIP-YD,UP,NULL,10:30,13:30,3:00
MEJ-TN,MVN Jn-YD,UP,NULL,10:30,13:30,3:00
MEJ-TN,TN-YD,UP,NULL,10:30,13:30,3:00
MEJ-TN,TNHP-YD,UP,NULL,10:30,13:30,3:00
MEJ-TN,MMDR-YD,UP,NULL,10:30,13:30,3:00
MEJ-TEN,MEJ-GDN,DN,NULL,13:35,16:35,3:00
MEJ-TEN,GDN-TAY,DN,NULL,13:35,16:35,3:00
MEJ-TEN,TAY-TEN,DN,NULL,13:35,16:35,3:00
MEJ-TEN,MEJ-YD,DN,NULL,13:35,16:35,3:00
MEJ-TEN,GDN-YD,DN,NULL,13:35,16:35,3:00
MEJ-TEN,TAY-YD,DN,NULL,13:35,16:35,3:00
MEJ-TEN,TEN-YD,DN,NULL,13:35,16:35,3:00
MEJ-TEN,MEJ-GDN,UP,NULL,9:40,12:40,3:00
MEJ-TEN,GDN-TAY,UP,NULL,9:40,12:40,3:00
MEJ-TEN,TAY-TEN,UP,NULL,9:40,12:40,3:00
MEJ-TEN,MEJ-YD,UP,NULL,9:40,12:40,3:00
MEJ-TEN,GDN-YD,UP,NULL,9:40,12:40,3:00
MEJ-TEN,TAY-YD,UP,NULL,9:40,12:40,3:00
MEJ-TEN,TEN-YD,UP,NULL,9:40,12:40,3:00
MDU-MNM,MDU-ILA,Single,NULL,10:15,13:15,3:00
MDU-MNM,ILA-TVN,Single,NULL,10:15,13:15,3:00
MDU-MNM,TVN-TPC,Single,NULL,10:15,13:15,3:00
MDU-MNM,TPC-MNM,Single,NULL,10:15,13:15,3:00
MDU-MNM,MDU-YD,Single,NULL,10:15,13:15,3:00
MDU-MNM,ILA-YD,Single,NULL,10:15,13:15,3:00
MDU-MNM,TVN-YD,Single,NULL,10:15,13:15,3:00
MDU-MNM,TPC-YD,Single,NULL,10:15,13:15,3:00
MDU-MNM,MNM-YD,Single,NULL,10:15,13:15,3:00
TPJ-KKDI-MNM,TPJ-KRMG,Single,NULL,12:05,15:05,3:00
TPJ-KKDI-MNM,KRMG-KRUR,Single,NULL,12:05,15:05,3:00
TPJ-KKDI-MNM,KRUR-VEL,Single,NULL,12:05,15:05,3:00
TPJ-KKDI-MNM,VEL-PDKT,Single,NULL,12:05,15:05,3:00
TPJ-KKDI-MNM,PDKT-TYM,Single,NULL,12:05,15:05,3:00
TPJ-KKDI-MNM,TYM-CTND,Single,NULL,12:05,15:05,3:00
TPJ-KKDI-MNM,CTND-KKDI,Single,NULL,12:05,15:05,3:00
TPJ-KKDI-MNM,KKDI-KAL,Single,NULL,12:25,13:25,1:00
TPJ-KKDI-MNM,KAL-PNGI,Single,NULL,12:25,13:25,1:00
TPJ-KKDI-MNM,PNGI-SVGA,Single,NULL,12:25,13:25,1:00
TPJ-KKDI-MNM,SVGA-MEKM,Single,NULL,12:25,13:25,1:00
TPJ-KKDI-MNM,MEKM-MNM,Single,NULL,12:25,13:25,1:00
TPJ-KKDI-MNM,KRMG-YD ,Single,NULL,12:05,15:05,3:00
TPJ-KKDI-MNM,CTND-YD ,Single,NULL,12:05,15:05,3:00
TPJ-KKDI-MNM,MEKM-YD,Single,NULL,12:05,15:05,3:00
TPJ-KKDI-MNM,KRUR-YD ,Single,NULL,12:05,15:05,3:00
TPJ-KKDI-MNM,VEL-YD ,Single,NULL,12:05,15:05,3:00
TPJ-KKDI-MNM,PDKT-YD,Single,NULL,12:05,15:05,3:00
TPJ-KKDI-MNM, TYM-YD,Single,NULL,12:05,15:05,3:00
TPJ-KKDI-MNM,KKDI Jn-YD,Single,NULL,12:05,15:05,3:00
TPJ-KKDI-MNM,KAL-YD ,Single,NULL,12:05,15:05,3:00
TPJ-KKDI-MNM,PNGI-YD ,Single,NULL,12:05,15:05,3:00
TPJ-KKDI-MNM,SVGA-YD,Single,NULL,12:05,15:05,3:00
MNM-RMM,MNM-SUX,Single,NULL,23:45,2:45,3:00
MNM-RMM,SUX-PMK,Single,NULL,23:45,2:45,3:00
MNM-RMM,PMK-SQD,Single,NULL,23:45,2:45,3:00
MNM-RMM,SQD-RMD,Single,NULL,23:45,2:45,3:00
MNM-RMM,RMD-UCP,Single,NULL,23:45,2:45,3:00
MNM-RMM,UCP-MMM,Single,NULL,23:45,2:45,3:00
MNM-RMM,MMM-PBMB,Single,NULL,23:45,2:45,3:00
MNM-RMM,PBMB-RMM,Single,NULL,23:45,2:45,3:00
MNM-RMM,MNM-YD,Single,NULL,23:45,2:45,3:00
MNM-RMM,SUX-YD,Single,NULL,23:45,2:45,3:00
MNM-RMM,PMK-YD,Single,NULL,23:45,2:45,3:00
MNM-RMM,SQD-YD,Single,NULL,23:45,2:45,3:00
MNM-RMM,RMD-YD,Single,NULL,23:45,2:45,3:00
MNM-RMM,UCP-YD,Single,NULL,23:45,2:45,3:00
MNM-RMM,MMM-YD,Single,NULL,23:45,2:45,3:00
MNM-RMM,PBMB-YD,Single,NULL,23:45,2:45,3:00
MNM-RMM,RMM-YD,Single,NULL,23:45,2:45,3:00
MNM-VPT,MNM-NKK,Single,NULL,7:50,10:50,3:00
MNM-VPT,NKK-TCH,Single,NULL,7:50,10:50,3:00
MNM-VPT,TCH-APK,Single,NULL,7:50,10:50,3:00
MNM-VPT,APK-VPT,Single,NULL,7:50,10:50,3:00
MNM-VPT,NKK-YD,Single,NULL,7:50,10:50,3:00
MNM-VPT,TCH-YD,Single,NULL,7:50,10:50,3:00
MNM-VPT,APK-YD,Single,NULL,7:50,10:50,3:00
VPT-SCT,VPT-SVKS,Single,NULL,21:15,0:15,3:00
VPT-SCT,SVKS-SVPR,Single,NULL,21:15,0:15,3:00
VPT-SCT,SVPR-RJPM,Single,NULL,21:15,0:15,3:00
VPT-SCT,RJPM-SNKL,Single,NULL,21:15,0:15,3:00
VPT-SCT,SNKL-PBKS,Single,NULL,21:15,0:15,3:00
VPT-SCT,PBKS-KDNL,Single,NULL,21:15,0:15,3:00
VPT-SCT,KDNL-TSI,Single,NULL,21:15,0:15,3:00
VPT-SCT,TSI-SCT,Single,NULL,0:30,3:30,3:00
VPT-SCT,SVKS-YD,Single,NULL,21:15,0:15,3:00
VPT-SCT,SVPR-YD,Single,NULL,21:15,0:15,3:00
VPT-SCT,RJPM-YD,Single,NULL,21:15,0:15,3:00
VPT-SCT,SNKL-YD,Single,NULL,21:15,0:15,3:00
VPT-SCT,PBKS-YD,Single,NULL,21:15,0:15,3:00
VPT-SCT,KDNL-YD,Single,NULL,21:15,0:15,3:00
VPT-SCT,TSI Jn-YD,Single,NULL,21:15,0:15,3:00
VPT-SCT,SCT-YD,Single,NULL,0:30,3:30,3:00
TEN-SCT,TEN-SMD,Single,NULL,0:10,3:10,3:00
TEN-SCT,SMD-ASD,Single,NULL,0:10,3:10,3:00
TEN-SCT,ASD-KKY,Single,NULL,0:10,3:10,3:00
TEN-SCT,KKY-PCM,Single,NULL,0:10,3:10,3:00
TEN-SCT,PCM-TSI,Single,NULL,0:10,3:10,3:00
TEN-SCT,TSI-SCT,Single,NULL,0:30,3:30,3:00
TEN-SCT,SMD-YD,Single,NULL,0:10,3:10,3:00
TEN-SCT,ASD-YD,Single,NULL,0:10,3:10,3:00
TEN-SCT,KKY-YD,Single,NULL,0:10,3:10,3:00
TEN-SCT,PCM-YD,Single,NULL,0:10,3:10,3:00
SCT-PUU,SCT-BJM,Single,NULL,6:30,9:30,3:00
SCT-PUU,BJM-AYVN,Single,NULL,6:30,9:30,3:00
SCT-PUU,AYVN-TML,Single,NULL,6:30,9:30,3:00
SCT-PUU,TML-EDN,Single,NULL,6:30,9:30,3:00
SCT-PUU,EDN-PUU,Single,NULL,6:30,9:30,3:00
SCT-PUU,BJM-YD,Single,NULL,6:30,9:30,3:00
SCT-PUU,AYVN-YD,Single,NULL,6:30,9:30,3:00
SCT-PUU,TML-YD,Single,NULL,6:30,9:30,3:00
SCT-PUU,EDN-YD,Single,NULL,6:30,9:30,3:00
SCT-PUU,PUU-YD,Single,NULL,6:30,9:30,3:00
PUU-QLN,PUU-AVS,Single,NULL,13:15,16:15,3:00
PUU-QLN,AVS-KKZ,Single,NULL,13:15,16:15,3:00
PUU-QLN,KKZ-KUV,Single,NULL,13:15,16:15,3:00
PUU-QLN,KUV-KLQ,Single,NULL,13:15,16:15,3:00
PUU-QLN,KLQ-QLN,Single,NULL,13:15,16:15,3:00
PUU-QLN,AVS-YD,Single,NULL,13:15,16:15,3:00
PUU-QLN,KKZ-YD,Single,NULL,13:15,16:15,3:00
PUU-QLN,KUV-YD,Single,NULL,13:15,16:15,3:00
PUU-QLN,KLQ-YD,Single,NULL,13:15,16:15,3:00
TEN-TCN,TEN-SDNR,Single,NULL,21:55,0:55,3:00
TEN-TCN,SDNR-SVV,Single,NULL,21:55,0:55,3:00
TEN-TCN,SVV-NZT,Single,NULL,21:55,0:55,3:00
TEN-TCN,NZT-ANY,Single,NULL,21:55,0:55,3:00
TEN-TCN,ANY-TCN,Single,NULL,21:55,0:55,3:00
TEN-TCN,SDNR-YD,Single,NULL,21:55,0:55,3:00
TEN-TCN,SVV-YD,Single,NULL,21:55,0:55,3:00
TEN-TCN,NZT-YD,Single,NULL,21:55,0:55,3:00
TEN-TCN,ANY-YD,Single,NULL,21:55,0:55,3:00
TEN-TCN,TCN-YD,Single,NULL,21:55,0:55,3:00
MDU-BDNK,MDU-USLP,Single,NULL,10:30,13:30,3:00
MDU-BDNK,USLP-ADPT,Single,NULL,10:30,13:30,3:00
MDU-BDNK,ADPT-TE,Single,NULL,10:30,13:30,3:00
MDU-BDNK,TE-BDNK,Single,NULL,10:30,13:30,3:00
MDU-BDNK,USLP-YD,Single,NULL,10:30,13:30,3:00
MDU-BDNK,ADPT-YD,Single,NULL,10:30,13:30,3:00
MDU-BDNK,TE-YD,Single,NULL,10:30,13:30,3:00
MDU-BDNK,BDNK-YD,Single,NULL,10:30,13:30,3:00
JTJ-ED,JTJ-TPT,DN,NULL,11:40,14:40,3:00
JTJ-ED,TPT-KEY ,DN,NULL,11:40,14:40,3:00
JTJ-ED,KEY-SLY ,DN,NULL,11:40,14:40,3:00
JTJ-ED,SLY-DST,DN,NULL,11:40,14:40,3:00
JTJ-ED,DST-DPI,DN,NULL,11:40,14:40,3:00
JTJ-ED,DPI-MAP,DN,NULL,11:40,14:40,3:00
JTJ-ED,MAP-BDY ,DN,NULL,11:40,14:40,3:00
JTJ-ED,BDY-BQI,DN,NULL,11:40,14:40,3:00
JTJ-ED,BQI-LCR ,DN,NULL,11:40,14:40,3:00
JTJ-ED,LCR-DSPT,DN,NULL,11:40,14:40,3:00
JTJ-ED,DSPT-TNT,DN,NULL,11:40,14:40,3:00
JTJ-ED,TNT-KPPR ,DN,NULL,11:40,14:40,3:00
JTJ-ED,KPPR-MGSJ,DN,NULL,11:40,14:40,3:00
JTJ-ED,MGSJ-SA,DN,NULL,13:10,16:50,3:40
JTJ-ED,SA-VRPD ,DN,NULL,12:30,15:30,3:00
JTJ-ED,VRPD-DC ,DN,NULL,12:30,15:30,3:00
JTJ-ED,DC-MVPM ,DN,NULL,12:30,15:30,3:00
JTJ-ED,MVPM-SGE,DN,NULL,12:30,15:30,3:00
JTJ-ED,SGE-ANU,DN,NULL,12:30,15:30,3:00
JTJ-ED,ANU-CV,DN,NULL,12:30,15:30,3:00
JTJ-ED,CV-ED,DN,NULL,12:30,15:30,3:00
JTJ-ED,JTJ-TPT,UP,NULL,10:50,14:50,4:00
JTJ-ED,TPT-KEY ,UP,NULL,10:50,14:50,4:00
JTJ-ED,KEY-SLY ,UP,NULL,10:50,14:50,4:00
JTJ-ED,SLY-DST,UP,NULL,10:50,14:50,4:00
JTJ-ED,DST-DPI,UP,NULL,10:50,14:50,4:00
JTJ-ED,DPI-MAP,UP,NULL,10:50,14:50,4:00
JTJ-ED,MAP-BDY ,UP,NULL,10:50,14:50,4:00
JTJ-ED,BDY-BQI,UP,NULL,10:50,14:50,4:00
JTJ-ED,BQI-LCR ,UP,NULL,10:50,14:50,4:00
JTJ-ED,LCR-DSPT,UP,NULL,10:50,14:50,4:00
JTJ-ED,DSPT-TNT,UP,NULL,10:50,14:50,4:00
JTJ-ED,TNT-KPPR ,UP,NULL,10:50,14:50,4:00
JTJ-ED,KPPR-MGSJ,UP,NULL,10:50,14:50,4:00
JTJ-ED,MGSJ-SA,UP,NULL,11:50,14:50,3:00
JTJ-ED,SA-VRPD ,UP,NULL,11:00,14:00,3:00
JTJ-ED,VRPD-DC ,UP,NULL,11:00,14:00,3:00
JTJ-ED,DC-MVPM ,UP,NULL,11:00,14:00,3:00
JTJ-ED,MVPM-SGE,UP,NULL,11:00,14:00,3:00
JTJ-ED,SGE-ANU,UP,NULL,11:00,14:00,3:00
JTJ-ED,ANU-CV,UP,NULL,11:00,14:00,3:00
JTJ-ED,CV-ED,UP,NULL,11:00,14:00,3:00
JTJ-ED, TPT-YD ,DN,NULL,11:40,14:40,3:00
JTJ-ED, KEY-YD ,DN,NULL,11:40,14:40,3:00
JTJ-ED,SLY-YD,DN,NULL,11:40,14:40,3:00
JTJ-ED,DST-YD ,DN,NULL,11:40,14:40,3:00
JTJ-ED,DPI-YD ,DN,NULL,11:40,14:40,3:00
JTJ-ED, TNT-YD ,DN,NULL,11:40,14:40,3:00
JTJ-ED,BDY-YD,DN,NULL,11:40,14:40,3:00
JTJ-ED,LCR-YD,DN,NULL,11:40,14:40,3:00
JTJ-ED, MAP-YD ,DN,NULL,11:40,14:40,3:00
JTJ-ED,KPPR-YD,DN,NULL,11:40,14:40,3:00
JTJ-ED,BQI-YD ,DN,NULL,11:40,14:40,3:00
JTJ-ED, DSPT-YD ,DN,NULL,11:40,14:40,3:00
JTJ-ED,MGSJ-YD ,DN,NULL,11:40,14:40,3:00
JTJ-ED,SA-YD,DN,NULL,13:10,16:50,3:40
JTJ-ED,VRPD-YD,DN,NULL,12:30,15:30,3:00
JTJ-ED,DC-YD,DN,NULL,12:30,15:30,3:00
JTJ-ED,MVPM-YD,DN,NULL,12:30,15:30,3:00
JTJ-ED, SGE-YD ,DN,NULL,12:30,15:30,3:00
JTJ-ED,ANU-YD ,DN,NULL,12:30,15:30,3:00
JTJ-ED,CV-YD ,DN,NULL,12:30,15:30,3:00
JTJ-ED,ED-YD,DN,NULL,12:30,15:30,3:00
JTJ-ED, TPT-YD ,UP,NULL,10:50,14:50,4:00
JTJ-ED, KEY-YD ,UP,NULL,10:50,14:50,4:00
JTJ-ED,SLY-YD,UP,NULL,10:50,14:50,4:00
JTJ-ED,DST-YD ,UP,NULL,10:50,14:50,4:00
JTJ-ED,DPI-YD ,UP,NULL,10:50,14:50,4:00
JTJ-ED, TNT-YD ,UP,NULL,10:50,14:50,4:00
JTJ-ED,BDY-YD,UP,NULL,10:50,14:50,4:00
JTJ-ED,LCR-YD,UP,NULL,10:50,14:50,4:00
JTJ-ED, MAP-YD ,UP,NULL,10:50,14:50,4:00
JTJ-ED,KPPR-YD,UP,NULL,10:50,14:50,4:00
JTJ-ED,BQI-YD ,UP,NULL,10:50,14:50,4:00
JTJ-ED, DSPT-YD ,UP,NULL,10:50,14:50,4:00
JTJ-ED,MGSJ-YD ,UP,NULL,10:50,14:50,4:00
JTJ-ED,SA-YD,UP,NULL,11:50,14:50,3:00
JTJ-ED,VRPD-YD,UP,NULL,11:00,14:00,3:00
JTJ-ED,DC-YD,UP,NULL,11:00,14:00,3:00
JTJ-ED,MVPM-YD,UP,NULL,11:00,14:00,3:00
JTJ-ED, SGE-YD ,UP,NULL,11:00,14:00,3:00
JTJ-ED,ANU-YD ,UP,NULL,11:00,14:00,3:00
JTJ-ED,CV-YD ,UP,NULL,11:00,14:00,3:00
JTJ-ED,ED-YD,UP,NULL,11:00,14:00,3:00
ED-PTJ,ED-TPM,DN,NULL,12:50,14:50,2:00
ED-PTJ,TPM-PY,DN,NULL,12:50,14:50,2:00
ED-PTJ,PY-IGR,DN,NULL,12:50,14:50,2:00
ED-PTJ,IGR-VZ,DN,NULL,12:50,14:50,2:00
ED-PTJ,VZ-UKL,DN,NULL,12:50,14:50,2:00
ED-PTJ,UKL-TUP,DN,NULL,12:50,14:50,2:00
ED-PTJ,TUP-VNJ,DN,NULL,13:40,15:40,2:00
ED-PTJ,VNJ-SNO,DN,NULL,13:40,15:40,2:00
ED-PTJ,SNO-SUU,DN,NULL,13:40,15:40,2:00
ED-PTJ,SUU-IGU,DN,NULL,13:40,15:40,2:00
ED-PTJ,IGU-PLMD,DN,NULL,15:40,17:40,2:00
ED-PTJ,IGU-PTJ,Single,NULL,15:40,17:40,2:00
ED-PTJ,PLMD-CBF,DN,NULL,15:40,17:40,2:00
ED-PTJ,CBF-CBE,DN,NULL,14:15,17:15,3:00
ED-PTJ,CBE-PTJ,DN,NULL,16:45,18:00,1:15
ED-PTJ,ED-TPM,UP,NULL,10:00,13:00,3:00
ED-PTJ,TPM-PY,UP,NULL,10:00,13:00,3:00
ED-PTJ,PY-IGR,UP,NULL,10:00,13:00,3:00
ED-PTJ,IGR-VZ,UP,NULL,10:00,13:00,3:00
ED-PTJ,VZ-UKL,UP,NULL,10:00,13:00,3:00
ED-PTJ,UKL-TUP,UP,NULL,10:00,13:00,3:00
ED-PTJ,TUP-VNJ,UP,NULL,9:30,12:30,3:00
ED-PTJ,VNJ-SNO,UP,NULL,9:30,12:30,3:00
ED-PTJ,SNO-SUU,UP,NULL,9:30,12:30,3:00
ED-PTJ,SUU-IGU,UP,NULL,9:30,12:30,3:00
ED-PTJ,IGU-PLMD,UP,NULL,10:05,11:50,1:45
ED-PTJ,IGU-PTJ,Single,NULL,10:05,11:50,1:45
ED-PTJ,PLMD-CBF,UP,NULL,10:05,11:50,1:45
ED-PTJ,CBF-CBE,UP,NULL,10:05,11:50,1:45
ED-PTJ,CBE-PTJ,UP,NULL,9:55,10:55,1:00
ED-PTJ,TPM-YD ,DN,NULL,12:50,14:50,2:00
ED-PTJ,PY-YD ,DN,NULL,12:50,14:50,2:00
ED-PTJ,IGR-YD ,DN,NULL,12:50,14:50,2:00
ED-PTJ,UKL-YD,DN,NULL,12:50,14:50,2:00
ED-PTJ,TUP-YD,DN,NULL,12:50,14:50,2:00
ED-PTJ,VZ-YD,DN,NULL,13:40,15:40,2:00
ED-PTJ, VNJ-YD,DN,NULL,13:40,15:40,2:00
ED-PTJ, SUU-YD ,DN,NULL,13:40,15:40,2:00
ED-PTJ,SNO-YD,DN,NULL,13:40,15:40,2:00
ED-PTJ,IGU-YD ,DN,NULL,13:40,15:40,2:00
ED-PTJ,PLMD-YD ,DN,NULL,15:40,17:40,2:00
ED-PTJ,CBF-YD ,DN,NULL,15:40,17:40,2:00
ED-PTJ,CBE-YD,DN,NULL,14:15,17:15,3:00
ED-PTJ, PTJ-YD,DN,NULL,16:45,18:00,1:15
ED-PTJ,TPM-YD ,UP,NULL,10:00,13:00,3:00
ED-PTJ,PY-YD ,UP,NULL,10:00,13:00,3:00
ED-PTJ,IGR-YD ,UP,NULL,10:00,13:00,3:00
ED-PTJ,UKL-YD,UP,NULL,10:00,13:00,3:00
ED-PTJ,TUP-YD,UP,NULL,9:30,12:30,3:00
ED-PTJ,VZ-YD,UP,NULL,9:30,12:30,3:00
ED-PTJ, VNJ-YD,UP,NULL,9:30,12:30,3:00
ED-PTJ, SUU-YD ,UP,NULL,9:30,12:30,3:00
ED-PTJ,SNO-YD,UP,NULL,9:30,12:30,3:00
ED-PTJ,IGU-YD ,UP,NULL,10:05,11:50,1:45
ED-PTJ,PLMD-YD ,UP,NULL,10:05,11:50,1:45
ED-PTJ,CBF-YD ,UP,NULL,10:05,11:50,1:45
ED-PTJ,CBE-YD,UP,NULL,9:55,10:55,1:00
ED-PTJ, PTJ-YD,UP,NULL,9:55,10:55,1:00
ED-TP,ED-CVD,Single,NULL,11:30,14:00,2:30
ED-TP,CVD-PAS,Single,NULL,11:30,14:00,2:30
ED-TP,PAS-URL,Single,NULL,11:30,14:00,2:30
ED-TP,URL-KMD,Single,NULL,11:30,14:00,2:30
ED-TP,KMD-PGR,Single,NULL,7:10,9:10,2:00
ED-TP,PGR-MPLM,Single,NULL,7:10,9:10,2:00
ED-TP,MPLM-KRR,Single,NULL,7:10,9:10,2:00
ED-TP,KRR-VRQ,Single,NULL,0:30,2:30,2:00
ED-TP,VRQ-MYU,Single,NULL,0:30,2:30,2:00
ED-TP,MYU-MMH,Single,NULL,0:30,2:30,2:00
ED-TP,MMH-LP,Single,NULL,0:30,2:30,2:00
ED-TP,LP-KLT,Single,NULL,0:30,2:30,2:00
ED-TP,KLT-PLI,Single,NULL,0:30,2:30,2:00
ED-TP,PLI-PGN,Single,NULL,0:00,3:00,3:00
ED-TP,PGN-EL,Single,NULL,0:00,3:00,3:00
ED-TP,EL-MTNL,Single,NULL,0:00,3:00,3:00
ED-TP,MTNL-TP,Single,NULL,0:00,3:00,3:00
ED-TP,ED-YD,Single,NULL,11:30,14:00,2:30
ED-TP,CVD-YD,Single,NULL,11:30,14:00,2:30
ED-TP,PAS-YD,Single,NULL,11:30,14:00,2:30
ED-TP,URL-YD,Single,NULL,11:30,14:00,2:30
ED-TP,KMD-YD,Single,NULL,7:10,9:10,2:00
ED-TP,PGR-YD,Single,NULL,7:10,9:10,2:00
ED-TP,MPLM-YD,Single,NULL,7:10,9:10,2:00
ED-TP,KRR-YD,Single,NULL,0:30,2:30,2:00
ED-TP,VRQ-YD,Single,NULL,0:30,2:30,2:00
ED-TP,MYU-YD,Single,NULL,0:30,2:30,2:00
ED-TP,MMH-YD,Single,NULL,0:30,2:30,2:00
ED-TP,LP-YD,Single,NULL,0:30,2:30,2:00
ED-TP,KLT-YD,Single,NULL,0:30,2:30,2:00
ED-TP,PLI-YD,Single,NULL,0:00,3:00,3:00
ED-TP,PGN-YD,Single,NULL,0:00,3:00,3:00
ED-TP,EL-YD,Single,NULL,0:00,3:00,3:00
ED-TP,MTNL-YD,Single,NULL,0:00,3:00,3:00
KRR-DG,KKR-VEI,Single,NULL,7:15,11:15,4:00
KRR-DG,VEI-PALM,Single,NULL,7:15,11:15,4:00
KRR-DG,PALM-EDU,Single,NULL,7:15,11:15,4:00
KRR-DG,EDU-DG,Single,NULL,7:15,11:15,4:00
KRR-DG,KKR-YD,Single,NULL,7:15,11:15,4:00
KRR-DG,VEI-YD,Single,NULL,7:15,11:15,4:00
KRR-DG,PALM-YD,Single,NULL,7:15,11:15,4:00
KRR-DG,EDU-YD,Single,NULL,7:15,11:15,4:00
SA-VRI,SA-SAMT,Single,NULL,18:30,21:30,3:00
SA-VRI,SAMT-SXT,Single,NULL,18:30,21:30,3:00
SA-VRI,SXT-MPLI,Single,NULL,18:30,21:30,3:00
SA-VRI,MPLI-ETP,Single,NULL,18:30,21:30,3:00
SA-VRI,ETP-ATU,Single,NULL,18:30,21:30,3:00
SA-VRI,ATU-CHSM,Single,NULL,7:35,11:35,4:00
SA-VRI,CHSM-PRV,Single,NULL,7:35,11:35,4:00
SA-VRI,PRV-MKSP,Single,NULL,7:35,11:35,4:00
SA-VRI,MKSP-VRI,Single,NULL,7:35,11:35,4:00
SA-VRI,SA-YD,Single,NULL,7:15,11:15,4:00
SA-VRI,SAMT-YD,Single,NULL,18:30,21:30,3:00
SA-VRI,SXT-YD,Single,NULL,18:30,21:30,3:00
SA-VRI,MPLI-YD,Single,NULL,18:30,21:30,3:00
SA-VRI,ETP-YD,Single,NULL,18:30,21:30,3:00
SA-VRI,ATU-YD,Single,NULL,18:30,21:30,3:00
SA-VRI,CHSM-YD,Single,NULL,7:35,11:35,4:00
SA-VRI,PRV-YD,Single,NULL,7:35,11:35,4:00
SA-VRI,MKSP-YD,Single,NULL,7:35,11:35,4:00
SA-MTDM,SA-MGSJ,DN,NULL,13:10,16:50,3:40
SA-MTDM,SA-MGSJ New,Single,NULL,13:10,16:50,3:40
SA-MTDM,MGSJ-OML,DN,NULL,7:30,11:30,4:00
SA-MTDM,OML-MCRD ,DN,NULL,7:30,11:30,4:00
SA-MTDM,MCRD-MTDM,DN,NULL,7:30,11:30,4:00
SA-MTDM,MTDM-MTPP,DN,NULL,7:30,11:30,4:00
SA-MTDM,SA-YD,DN,NULL,13:10,16:50,3:40
SA-MTDM,MGSJ-YD,DN,NULL,7:30,11:30,4:00
SA-MTDM,OML-YD,DN,NULL,7:30,11:30,4:00
SA-MTDM,MCRD-YD,DN,NULL,7:30,11:30,4:00
SA-MTDM,MTDM-YD,DN,NULL,7:30,11:30,4:00
SA-MTDM,MTPP-YD,DN,NULL,7:30,11:30,4:00
SA-MTDM,SA-MGSJ,UP,NULL,11:50,14:50,3:00
SA-MTDM,SA-MGSJ New,Single,NULL,11:50,14:50,3:00
SA-MTDM,MGSJ-OML,UP,NULL,4:00,10:00,6:00
SA-MTDM,OML-MCRD ,UP,NULL,4:00,10:00,6:00
SA-MTDM,MCRD-MTDM,UP,NULL,4:00,10:00,6:00
SA-MTDM,MTDM-MTPP,UP,NULL,4:00,10:00,6:00
SA-MTDM,SA-YD,UP,NULL,4:00,10:00,6:00
SA-MTDM,MGSJ-YD,UP,NULL,4:00,10:00,6:00
SA-MTDM,OML-YD,UP,NULL,4:00,10:00,6:00
SA-MTDM,MCRD-YD,UP,NULL,4:00,10:00,6:00
SA-MTDM,MTDM-YD,UP,NULL,4:00,10:00,6:00
SA-MTDM,MTPP-YD,UP,NULL,4:00,10:00,6:00
SA-KRR,SA-MALR,Single,NULL,9:50,12:50,3:00
SA-KRR,MALR-RASP,Single,NULL,9:50,12:50,3:00
SA-KRR,RASP-KLGN,Single,NULL,9:50,12:50,3:00
SA-KRR,KLGN-NMKL,Single,NULL,9:50,12:50,3:00
SA-KRR,NMKL-MONR,Single,NULL,8:50,12:00,3:10
SA-KRR,MONR-KRR,Single,NULL,8:50,12:00,3:10
SA-KRR,SA-YD,Single,NULL,9:50,12:50,3:00
SA-KRR,MALR-YD,Single,NULL,9:50,12:50,3:00
SA-KRR,RASP-YD,Single,NULL,9:50,12:50,3:00
SA-KRR,KLGN-YD,Single,NULL,9:50,12:50,3:00
SA-KRR,NMKL-YD,Single,NULL,8:50,12:00,3:10
SA-KRR,MONR-YD,Single,NULL,8:50,12:00,3:10
SA-KRR,KRR-YD,Single,NULL,8:50,12:00,3:10
CBE-MTP,CBE-CBF,Single,NULL,13:40,15:40,2:00
CBE-MTP,CBF-KAY,Single,NULL,13:40,15:40,2:00
CBE-MTP,KAY-MTP,Single,NULL,13:40,15:40,2:00
CBE-MTP,CBE-YD,Single,NULL,13:40,15:40,2:00
CBE-MTP,CBF-YD,Single,NULL,13:40,15:40,2:00
CBE-MTP,KAY-YD,Single,NULL,13:40,15:40,2:00
CBE-MTP,MTP-YD,Single,NULL,13:40,15:40,2:00
MTP-UAM,MTP-QLR,Single,NULL,0:00,4:00,4:00
MTP-UAM,QLR-HLG,Single,NULL,0:00,4:00,4:00
MTP-UAM,HLG-ONR,Single,NULL,0:00,4:00,4:00
MTP-UAM,ONR-WEL,Single,NULL,0:00,4:00,4:00
MTP-UAM,WEL-AVK,Single,NULL,0:00,4:00,4:00
MTP-UAM,AVK-KXT,Single,NULL,0:00,4:00,4:00
MTP-UAM,KXT-LOV,Single,NULL,0:00,4:00,4:00
MTP-UAM,LOV-UAM,Single,NULL,0:00,4:00,4:00
MTP-UAM,MTP-YD,Single,NULL,0:00,4:00,4:00
MTP-UAM,QLR-YD,Single,NULL,0:00,4:00,4:00
MTP-UAM,HLG-YD,Single,NULL,0:00,4:00,4:00
MTP-UAM,ONR-YD,Single,NULL,0:00,4:00,4:00
MTP-UAM,WEL-YD,Single,NULL,0:00,4:00,4:00
MTP-UAM,AVK-YD,Single,NULL,0:00,4:00,4:00
MTP-UAM,KXT-YD,Single,NULL,0:00,4:00,4:00
MTP-UAM,LOV-YD,Single,NULL,0:00,4:00,4:00
MTP-UAM,UAM-YD,Single,NULL,0:00,4:00,4:00
PTJ-CNV,PTJ-CNV,Single,NULL,0:00,4:00,4:00
PTJ-CNV,CNV-YD,Single,NULL,0:00,4:00,4:00
PTJ-CNV,PTJ-YD,Single,NULL,0:00,4:00,4:00
PTJ-SRR,PTJ-MDKI,B,NULL,18:55,21:55,3:00
PTJ-SRR,MDKI-ETMD,B,NULL,18:55,21:55,3:00
PTJ-SRR,ETMD-WRA,B,NULL,18:55,21:55,3:00
PTJ-SRR,WRA-CLMD,B,NULL,18:55,21:55,3:00
PTJ-SRR,CLMD-KJKD,B,NULL,18:55,21:55,3:00
PTJ-SRR,KJKD-KTKU,B,NULL,18:55,21:55,3:00
PTJ-SRR,KTKU-PGT,B,NULL,18:55,21:55,3:00
PTJ-SRR,PTJ-MDKI,A,NULL,18:55,21:55,3:00
PTJ-SRR,MDKI-ETMD,A,NULL,18:55,21:55,3:00
PTJ-SRR,ETMD-WRA,A,NULL,18:55,21:55,3:00
PTJ-SRR,WRA-CLMD,A,NULL,18:55,21:55,3:00
PTJ-SRR,CLMD-KJKD,A,NULL,18:55,21:55,3:00
PTJ-SRR,KJKD-KTKU,A,NULL,18:55,21:55,3:00
PTJ-SRR,KTKU-PGT,A,NULL,18:55,21:55,3:00
PTJ-SRR,PGT-PLL,UP,NULL,5:20,8:20,3:00
PTJ-SRR,PLL-LDY,UP,NULL,5:20,8:20,3:00
PTJ-SRR,LDY-OTP,UP,NULL,5:20,8:20,3:00
PTJ-SRR,OTP-MNUR,UP,NULL,5:20,8:20,3:00
PTJ-SRR,MNUR-SRR A,UP,NULL,5:20,8:20,3:00
PTJ-SRR,SRR A-SRR,UP,NULL,5:20,8:20,3:00
PTJ-SRR,PGT-PLL,DN,NULL,18:40,21:40,3:00
PTJ-SRR,PLL-LDY,DN,NULL,18:40,21:40,3:00
PTJ-SRR,LDY-OTP,DN,NULL,18:40,21:40,3:00
PTJ-SRR,OTP-MNUR,DN,NULL,18:40,21:40,3:00
PTJ-SRR,MNUR-SRR A,DN,NULL,18:40,21:40,3:00
PTJ-SRR,SRR A-SRR,DN,NULL,18:40,21:40,3:00
PTJ-SRR,MDKI-YD,A,NULL,18:55,21:55,3:00
PTJ-SRR,WRA-YD,A,NULL,18:55,21:55,3:00
PTJ-SRR,CLMD-YD,A,NULL,18:55,21:55,3:00
PTJ-SRR,KJKD-YD,A,NULL,18:55,21:55,3:00
PTJ-SRR,PGT-YD,A,NULL,18:55,21:55,3:00
PTJ-SRR,MDKI-YD,B,NULL,18:55,21:55,3:00
PTJ-SRR,WRA-YD,B,NULL,18:55,21:55,3:00
PTJ-SRR,CLMD-YD,B,NULL,18:55,21:55,3:00
PTJ-SRR,KJKD-YD,B,NULL,18:55,21:55,3:00
PTJ-SRR,PGT-YD,B,NULL,18:55,21:55,3:00
PTJ-SRR,PLL-YD,UP,NULL,5:20,8:20,3:00
PTJ-SRR,LDY-YD,UP,NULL,5:20,8:20,3:00
PTJ-SRR,OTP-YD,UP,NULL,5:20,8:20,3:00
PTJ-SRR,MNUR-YD,UP,NULL,5:20,8:20,3:00
PTJ-SRR,SRR A-YD,UP,NULL,5:20,8:20,3:00
PTJ-SRR,PGT-YD,DN,NULL,18:40,21:40,3:00
PTJ-SRR,PLL-YD,DN,NULL,18:40,21:40,3:00
PTJ-SRR,LDY-YD,DN,NULL,18:40,21:40,3:00
PTJ-SRR,OTP-YD,DN,NULL,18:40,21:40,3:00
PTJ-SRR,MNUR-YD,DN,NULL,18:40,21:40,3:00
PTJ-SRR,SRR A-YD,DN,NULL,18:40,21:40,3:00
SRR-CLT,SRR-KRKD,UP,NULL,0:00,3:00,3:00
SRR-CLT,KRKD-PTB,UP,NULL,0:00,3:00,3:00
SRR-CLT,PTB-PUM,UP,NULL,0:00,3:00,3:00
SRR-CLT,PUM-KTU,UP,NULL,0:00,3:00,3:00
SRR-CLT,KTU-TUA,UP,NULL,0:00,3:00,3:00
SRR-CLT,TUA-TIR,UP,NULL,0:00,3:00,3:00
SRR-CLT,TIR-TA,UP,NULL,0:00,3:00,3:00
SRR-CLT,TA-PGI,UP,NULL,0:00,3:00,3:00
SRR-CLT,PGI-KN,UP,NULL,0:00,3:00,3:00
SRR-CLT,KN-FK,UP,NULL,0:00,3:00,3:00
SRR-CLT,FK-KUL,UP,NULL,0:00,3:00,3:00
SRR-CLT,KUL-CLT,UP,NULL,0:00,3:00,3:00
SRR-CLT,SRR-YD,UP,NULL,0:00,3:00,3:00
SRR-CLT,KRKD-YD,UP,NULL,0:00,3:00,3:00
SRR-CLT,PTB-YD,UP,NULL,0:00,3:00,3:00
SRR-CLT,KTU-YD,UP,NULL,0:00,3:00,3:00
SRR-CLT,TUA-YD,UP,NULL,0:00,3:00,3:00
SRR-CLT,TIR-YD,UP,NULL,0:00,3:00,3:00
SRR-CLT,TA-YD,UP,NULL,0:00,3:00,3:00
SRR-CLT,PGI-YD,UP,NULL,0:00,3:00,3:00
SRR-CLT,KN-YD,UP,NULL,0:00,3:00,3:00
SRR-CLT,FK-YD,UP,NULL,0:00,3:00,3:00
SRR-CLT,KUL-YD,UP,NULL,0:00,3:00,3:00
SRR-CLT,CLT-YD,UP,NULL,0:00,3:00,3:00
SRR-CLT,SRR-KRKD,DN,NULL,17:20,20:20,3:00
SRR-CLT,KRKD-PTB,DN,NULL,17:20,20:20,3:00
SRR-CLT,PTB-PUM,DN,NULL,17:20,20:20,3:00
SRR-CLT,PUM-KTU,DN,NULL,17:20,20:20,3:00
SRR-CLT,KTU-TUA,DN,NULL,17:20,20:20,3:00
SRR-CLT,TUA-TIR,DN,NULL,17:20,20:20,3:00
SRR-CLT,TIR-TA,DN,NULL,17:20,20:20,3:00
SRR-CLT,TA-PGI,DN,NULL,17:20,20:20,3:00
SRR-CLT,PGI-KN,DN,NULL,17:20,20:20,3:00
SRR-CLT,KN-FK,DN,NULL,17:20,20:20,3:00
SRR-CLT,FK-KUL,DN,NULL,17:20,20:20,3:00
SRR-CLT,KUL-CLT,DN,NULL,17:20,20:20,3:00
SRR-CLT,SRR-YD,DN,NULL,17:20,20:20,3:00
SRR-CLT,KRKD-YD,DN,NULL,17:20,20:20,3:00
SRR-CLT,PTB-YD,DN,NULL,17:20,20:20,3:00
SRR-CLT,KTU-YD,DN,NULL,17:20,20:20,3:00
SRR-CLT,TUA-YD,DN,NULL,17:20,20:20,3:00
SRR-CLT,TIR-YD,DN,NULL,17:20,20:20,3:00
SRR-CLT,TA-YD,DN,NULL,17:20,20:20,3:00
SRR-CLT,PGI-YD,DN,NULL,17:20,20:20,3:00
SRR-CLT,KN-YD,DN,NULL,17:20,20:20,3:00
SRR-CLT,FK-YD,DN,NULL,17:20,20:20,3:00
SRR-CLT,KUL-YD,DN,NULL,17:20,20:20,3:00
SRR-CLT,CLT-YD,DN,NULL,17:20,20:20,3:00
CLT-CAN,CLT-WH,DN,NULL,19:00,22:00,3:00
CLT-CAN,WH-ETR,DN,NULL,19:00,22:00,3:00
CLT-CAN,ETR-QLD,DN,NULL,19:00,22:00,3:00
CLT-CAN,QLD-TKT,DN,NULL,19:00,22:00,3:00
CLT-CAN,TKT-BDJ,DN,NULL,19:00,22:00,3:00
CLT-CAN,BDJ-MHE,DN,NULL,19:00,22:00,3:00
CLT-CAN,MHE-TLY,DN,NULL,19:00,22:00,3:00
CLT-CAN,TLY-ETK,DN,NULL,19:00,22:00,3:00
CLT-CAN,ETK-CS,DN,NULL,19:00,22:00,3:00
CLT-CAN,CS-CAN,DN,NULL,19:00,22:00,3:00
CLT-CAN,WH-YD,DN,NULL,19:00,22:00,3:00
CLT-CAN,ETR-YD,DN,NULL,19:00,22:00,3:00
CLT-CAN,QLD-YD,DN,NULL,19:00,22:00,3:00
CLT-CAN,TKT-YD,DN,NULL,19:00,22:00,3:00
CLT-CAN,BDJ-YD,DN,NULL,19:00,22:00,3:00
CLT-CAN,MAHE-YD,DN,NULL,19:00,22:00,3:00
CLT-CAN,TLY-YD,DN,NULL,19:00,22:00,3:00
CLT-CAN,ETK-YD,DN,NULL,19:00,22:00,3:00
CLT-CAN,CS-YD,DN,NULL,19:00,22:00,3:00
CLT-CAN,CAN-YD,DN,NULL,19:00,22:00,3:00
CLT-CAN,CLT-WH,UP,NULL,22:25,1:25,3:00
CLT-CAN,WH-ETR,UP,NULL,22:25,1:25,3:00
CLT-CAN,ETR-QLD,UP,NULL,22:25,1:25,3:00
CLT-CAN,QLD-TKT,UP,NULL,22:25,1:25,3:00
CLT-CAN,TKT-BDJ,UP,NULL,22:25,1:25,3:00
CLT-CAN,BDJ-MHE,UP,NULL,22:25,1:25,3:00
CLT-CAN,MHE-TLY,UP,NULL,22:25,1:25,3:00
CLT-CAN,TLY-ETK,UP,NULL,22:25,1:25,3:00
CLT-CAN,ETK-CS,UP,NULL,22:25,1:25,3:00
CLT-CAN,CS-CAN,UP,NULL,22:25,1:25,3:00
CLT-CAN,WH-YD,UP,NULL,22:25,1:25,3:00
CLT-CAN,ETR-YD,UP,NULL,22:25,1:25,3:00
CLT-CAN,QLD-YD,UP,NULL,22:25,1:25,3:00
CLT-CAN,TKT-YD,UP,NULL,22:25,1:25,3:00
CLT-CAN,BDJ-YD,UP,NULL,22:25,1:25,3:00
CLT-CAN,MAHE-YD,UP,NULL,22:25,1:25,3:00
CLT-CAN,TLY-YD,UP,NULL,22:25,1:25,3:00
CLT-CAN,ETK-YD,UP,NULL,22:25,1:25,3:00
CLT-CAN,CS-YD,UP,NULL,22:25,1:25,3:00
CLT-CAN,CAN-YD,UP,NULL,22:25,1:25,3:00
CAN-MAJN,CAN-VAPM,DN,NULL,20:00,23:00,3:00
CAN-MAJN,VAPM-KPQ,DN,NULL,20:00,23:00,3:00
CAN-MAJN,KPQ-PAZ,DN,NULL,20:00,23:00,3:00
CAN-MAJN,PAZ-PAY,DN,NULL,20:00,23:00,3:00
CAN-MAJN,PAY-CHV,DN,NULL,20:00,23:00,3:00
CAN-MAJN,CHV-NLE,DN,NULL,20:00,23:00,3:00
CAN-MAJN,NLE-KZE,DN,NULL,20:00,23:00,3:00
CAN-MAJN,KZE-KQK,DN,NULL,20:00,23:00,3:00
CAN-MAJN,KQK-KGQ,DN,NULL,20:00,23:00,3:00
CAN-MAJN,KGQ-KMQ,DN,NULL,20:00,23:00,3:00
CAN-MAJN,KMQ-MJS,DN,NULL,20:00,23:00,3:00
CAN-MAJN,MJS-ULL,DN,NULL,20:00,23:00,3:00
CAN-MAJN,ULL-NTVT,DN,NULL,20:00,23:00,3:00
CAN-MAJN,NTVT-MAQ,DN,NULL,20:00,23:00,3:00
CAN-MAJN,MAQ-NTVT,DN,NULL,21:00,0:00,3:00
CAN-MAJN,NTVT-MAJN,DN,NULL,22:00,1:00,3:00
CAN-MAJN,VAPM-YD,DN,NULL,22:00,1:00,3:00
CAN-MAJN,KPQ-YD,DN,NULL,22:00,1:00,3:00
CAN-MAJN,PAZ-YD,DN,NULL,22:00,1:00,3:00
CAN-MAJN,PAY-YD,DN,NULL,22:00,1:00,3:00
CAN-MAJN,CHV-YD,DN,NULL,22:00,1:00,3:00
CAN-MAJN,NLE-YD,DN,NULL,22:00,1:00,3:00
CAN-MAJN,KZE-YD,DN,NULL,22:00,1:00,3:00
CAN-MAJN,KQK-YD,DN,NULL,22:00,1:00,3:00
CAN-MAJN,KGQ-YD,DN,NULL,22:00,1:00,3:00
CAN-MAJN,KMQ-YD,DN,NULL,22:00,1:00,3:00
CAN-MAJN,MJS-YD,DN,NULL,22:00,1:00,3:00
CAN-MAJN,ULL-YD,DN,NULL,22:00,1:00,3:00
CAN-MAJN,NTVT-YD,DN,NULL,22:00,1:00,3:00
CAN-MAJN,MAQ-YD,DN,NULL,22:00,1:00,3:00
CAN-MAJN,MAJN-YD,DN,NULL,22:00,1:00,3:00
CAN-MAJN,CAN-VAPM,UP,NULL,20:15,23:15,3:00
CAN-MAJN,VAPM-KPQ,UP,NULL,20:15,23:15,3:00
CAN-MAJN,KPQ-PAZ,UP,NULL,20:15,23:15,3:00
CAN-MAJN,PAZ-PAY,UP,NULL,20:15,23:15,3:00
CAN-MAJN,PAY-CHV,UP,NULL,20:15,23:15,3:00
CAN-MAJN,CHV-NLE,UP,NULL,20:15,23:15,3:00
CAN-MAJN,NLE-KZE,UP,NULL,20:15,23:15,3:00
CAN-MAJN,KZE-KQK,UP,NULL,20:15,23:15,3:00
CAN-MAJN,KQK-KGQ,UP,NULL,20:15,23:15,3:00
CAN-MAJN,KGQ-KMQ,UP,NULL,20:15,23:15,3:00
CAN-MAJN,KMQ-MJS,UP,NULL,20:15,23:15,3:00
CAN-MAJN,MJS-ULL,UP,NULL,20:15,23:15,3:00
CAN-MAJN,ULL-NTVT,UP,NULL,20:15,23:15,3:00
CAN-MAJN,NTVT-MAQ,UP,NULL,20:15,23:15,3:00
CAN-MAJN,MAQ-NTVT,UP,NULL,20:15,23:15,3:00
CAN-MAJN,NTVT-MAJN,UP,NULL,20:15,23:15,3:00
CAN-MAJN,VAPM-YD,UP,NULL,20:15,23:15,3:00
CAN-MAJN,KPQ-YD,UP,NULL,20:15,23:15,3:00
CAN-MAJN,PAZ-YD,UP,NULL,20:15,23:15,3:00
CAN-MAJN,PAY-YD,UP,NULL,20:15,23:15,3:00
CAN-MAJN,CHV-YD,UP,NULL,20:15,23:15,3:00
CAN-MAJN,NLE-YD,UP,NULL,20:15,23:15,3:00
CAN-MAJN,KZE-YD,UP,NULL,20:15,23:15,3:00
CAN-MAJN,KQK-YD,UP,NULL,20:15,23:15,3:00
CAN-MAJN,KGQ-YD,UP,NULL,20:15,23:15,3:00
CAN-MAJN,KMQ-YD,UP,NULL,20:15,23:15,3:00
CAN-MAJN,MJS-YD,UP,NULL,20:15,23:15,3:00
CAN-MAJN,ULL-YD,UP,NULL,20:15,23:15,3:00
CAN-MAJN,NTVT-YD,UP,NULL,20:15,23:15,3:00
CAN-MAJN,MAQ-YD,UP,NULL,20:15,23:15,3:00
CAN-MAJN,MAJN-YD,UP,NULL,20:15,23:15,3:00
MAQ-TOK,MAQ-NTVT*,Single ,NULL,23:00,2:00,3:00
MAQ-TOK,NTVT-MAJN,UP,NULL,23:00,2:00,3:00
MAQ-TOK,MAJN-PADIL,UP,NULL,23:00,2:00,3:00
MAQ-TOK,PADIL-JOKATTE,UP,NULL,23:00,2:00,3:00
MAQ-TOK,JOKATTE-TOK,Single,NULL,23:00,2:00,3:00
MAQ-TOK,NTVT-MAJN,DN,NULL,23:00,2:00,3:00
MAQ-TOK,MAJN-PADIL,DN,NULL,23:00,2:00,3:00
MAQ-TOK,PADIL-JOKATTE,DN,NULL,23:00,2:00,3:00
SRR-NIL,SRR-AAM,Single,NULL,23:00,2:00,3:00
SRR-NIL,AAM-VNB,Single,NULL,23:00,2:00,3:00
SRR-NIL,VNB-NIL,Single,NULL,23:00,2:00,3:00
SRR-NIL,AAM-YD,Single,NULL,23:00,2:00,3:00
SRR-NIL,VNB-YD,Single,NULL,23:00,2:00,3:00
SRR-NIL,NIL-YD,Single,NULL,23:00,2:00,3:00
PGT-PGTN-POY,PGT-PGTN,Single,NULL,16:30,19:30,3:00
PGT-PGTN-POY,PGTN-PDGM,Single,NULL,16:30,19:30,3:00
PGT-PGTN-POY,PDGM-KLGD,Single,NULL,16:30,19:30,3:00
PGT-PGTN-POY,KLGD-MMDA,Single,NULL,16:30,19:30,3:00
PGT-PGTN-POY,MMDA-MXM,Single,NULL,16:30,19:30,3:00
PGT-PGTN-POY,MXM-POY,Single,NULL,16:30,19:30,3:00
PGT-PGTN-POY,PGTN-YD,Single,NULL,16:30,19:30,3:00
PGT-PGTN-POY,PDGM-YD,Single,NULL,16:30,19:30,3:00
PGT-PGTN-POY,KLGD-YD,Single,NULL,16:30,19:30,3:00
PGT-PGTN-POY,MMDA-YD,Single,NULL,16:30,19:30,3:00
PGT-PGTN-POY,MXM-YD,Single,NULL,16:30,19:30,3:00
PGT-PGTN-POY,POY-YD,Single,NULL,16:30,19:30,3:00
POY-CNV,POY-CNV,Single,NULL,16:00,19:00,3:00
POY-CNV,CNV-YD,Single,NULL,16:00,19:00,3:00
TPJ-VM,TPJ-GOC,DN,NULL,10:30,13:30,3:00
TPJ-VM,GOC-TPTN,DN,NULL,10:20,13:25,3:05
TPJ-VM,SRGM-VLDE,DN,NULL,10:10,13:15,3:05
TPJ-VM,VLDE-LLI,DN,NULL,10:05,13:10,3:05
TPJ-VM,LLI-PMB,DN,NULL,10:00,13:05,3:05
TPJ-VM,PMB-KKPM,DN,NULL,9:55,13:00,3:05
TPJ-VM,KKPM-KLGM,DN,NULL,9:45,12:50,3:05
TPJ-VM,KLGM-SLTH,DN,NULL,9:40,12:45,3:05
TPJ-VM,SLTH-ALU,DN,NULL,9:35,12:40,3:05
TPJ-VM,ALU-OTK,DN,NULL,9:30,12:35,3:05
TPJ-VM,OTK-SNDI,DN,NULL,9:25,12:30,3:05
TPJ-VM,SNDI-MTUR,DN,NULL,9:20,12:25,3:05
TPJ-VM,MTUR-ICG ,DN,NULL,9:15,12:20,3:05
TPJ-VM,ICG-TLNR,DN,NULL,9:05,12:10,3:05
TPJ-VM,TLNR-VRI,DN,NULL,8:50,12:00,3:10
TPJ-VM,VRI-PVN,DN,NULL,8:45,11:45,3:00
TPJ-VM,PVN-ULU,DN,NULL,8:40,11:40,3:00
TPJ-VM,ULU-PRKL,DN,NULL,8:35,11:35,3:00
TPJ-VM,PRKL-TVNL,DN,NULL,8:30,11:30,3:00
TPJ-VM,TVNL-KDMD,DN,NULL,8:25,11:25,3:00
TPJ-VM,KDMD-VM,DN,NULL,8:15,11:15,3:00
TPJ-VM,TPJ-YD,DN,NULL,10:30,13:30,3:00
TPJ-VM,GOC-YD,DN,NULL,10:20,13:25,3:05
TPJ-VM,SRGM-YD,DN,NULL,10:10,13:15,3:05
TPJ-VM,VLDE-YD,DN,NULL,10:05,13:10,3:05
TPJ-VM,LLI-YD,DN,NULL,10:00,13:05,3:05
TPJ-VM,PMB-YD,DN,NULL,9:55,13:00,3:05
TPJ-VM,KKPM-YD,DN,NULL,9:45,12:50,3:05
TPJ-VM,KLGM-YD,DN,NULL,9:40,12:45,3:05
TPJ-VM,SLTH-YD,DN,NULL,9:35,12:40,3:05
TPJ-VM,ALU-YD,DN,NULL,9:30,12:35,3:05
TPJ-VM,OTK-YD,DN,NULL,9:25,12:30,3:05
TPJ-VM,SNDI-YD,DN,NULL,9:20,12:25,3:05
TPJ-VM,MTUR-YD,DN,NULL,9:15,12:20,3:05
TPJ-VM,ICG-YD,DN,NULL,9:05,12:10,3:05
TPJ-VM,TLNR-YD,DN,NULL,8:50,12:00,3:10
TPJ-VM,VRI-YD,DN,NULL,8:45,11:45,3:00
TPJ-VM,PVN-YD,DN,NULL,8:40,11:40,3:00
TPJ-VM,ULU-YD,DN,NULL,8:35,11:35,3:00
TPJ-VM,PRKL-YD,DN,NULL,8:30,11:30,3:00
TPJ-VM,TVNL-YD,DN,NULL,8:25,11:25,3:00
TPJ-VM,KDMD-YD,DN,NULL,8:15,11:15,3:00
TPJ-VM,VM-YD,DN,NULL,8:15,11:15,3:00
TPJ-VM,TPJ-GOC,UP,NULL,10:00,13:00,3:00
TPJ-VM,GOC-TPTN,UP,NULL,10:05,13:05,3:00
TPJ-VM,SRGM-VLDE,UP,NULL,10:10,13:10,3:00
TPJ-VM,VLDE-LLI,UP,NULL,10:15,13:15,3:00
TPJ-VM,LLI-PMB,UP,NULL,10:30,13:30,3:00
TPJ-VM,PMB-KKPM,UP,NULL,10:35,13:35,3:00
TPJ-VM,KKPM-KLGM,UP,NULL,10:40,13:40,3:00
TPJ-VM,KLGM-SLTH,UP,NULL,10:45,13:45,3:00
TPJ-VM,SLTH-ALU,UP,NULL,10:50,13:50,3:00
TPJ-VM,ALU-OTK,UP,NULL,10:55,13:55,3:00
TPJ-VM,OTK-SNDI,UP,NULL,11:00,14:00,3:00
TPJ-VM,SNDI-MTUR,UP,NULL,11:05,14:05,3:00
TPJ-VM,MTUR-ICG ,UP,NULL,11:10,14:10,3:00
TPJ-VM,ICG-TLNR,UP,NULL,11:20,14:20,3:00
TPJ-VM,TLNR-VRI,UP,NULL,11:30,14:30,3:00
TPJ-VM,VRI-PVN,UP,NULL,11:35,14:35,3:00
TPJ-VM,PVN-ULU,UP,NULL,11:40,14:40,3:00
TPJ-VM,ULU-PRKL,UP,NULL,11:45,14:45,3:00
TPJ-VM,PRKL-TVNL,UP,NULL,11:50,14:50,3:00
TPJ-VM,TVNL-KDMD,UP,NULL,11:55,14:55,3:00
TPJ-VM,KDMD-VM,UP,NULL,12:00,15:00,3:00
TPJ-VM,TPJ-YD,UP,NULL,10:00,13:00,3:00
TPJ-VM,GOC-YD,UP,NULL,10:05,13:05,3:00
TPJ-VM,SRGM-YD,UP,NULL,10:10,13:10,3:00
TPJ-VM,VLDE-YD,UP,NULL,10:15,13:15,3:00
TPJ-VM,LLI-YD,UP,NULL,10:30,13:30,3:00
TPJ-VM,PMB-YD,UP,NULL,10:35,13:35,3:00
TPJ-VM,KKPM-YD,UP,NULL,10:40,13:40,3:00
TPJ-VM,KLGM-YD,UP,NULL,10:45,13:45,3:00
TPJ-VM,SLTH-YD,UP,NULL,10:50,13:50,3:00
TPJ-VM,ALU-YD,UP,NULL,10:55,13:55,3:00
TPJ-VM,OTK-YD,UP,NULL,11:00,14:00,3:00
TPJ-VM,SNDI-YD,UP,NULL,11:05,14:05,3:00
TPJ-VM,MTUR-YD,UP,NULL,11:10,14:10,3:00
TPJ-VM,ICG-YD,UP,NULL,11:20,14:20,3:00
TPJ-VM,TLNR-YD,UP,NULL,11:30,14:30,3:00
TPJ-VM,VRI-YD,UP,NULL,11:35,14:35,3:00
TPJ-VM,PVN-YD,UP,NULL,11:40,14:40,3:00
TPJ-VM,ULU-YD,UP,NULL,11:45,14:45,3:00
TPJ-VM,PRKL-YD,UP,NULL,11:50,14:50,3:00
TPJ-VM,TVNL-YD,UP,NULL,11:55,14:55,3:00
TPJ-VM,KDMD-YD,UP,NULL,12:00,15:00,3:00
TPJ-VM,VM-YD,UP,NULL,13:00,16:00,3:00
TJ-KIK,TJ-SMM,Single,NULL,2:10,5:10,3:00
TJ-KIK,SMM-NMJ,Single,NULL,2:10,5:10,3:00
TJ-KIK,NMJ-KDE,Single,NULL,1:10,4:10,3:00
TJ-KIK,KDE-KU,Single,NULL,1:10,4:10,3:00
TJ-KIK,KU-TVR,Single,NULL,1:10,4:10,3:00
TJ-KIK,TVR-KVL,Single,NULL,23:30,2:30,3:00
TJ-KIK,KVL-NGT,Single,NULL,23:30,2:30,3:00
TJ-KIK,NGT-NCR,Single,NULL,23:30,2:30,3:00
TJ-KIK,NCR-KIK,Single,NULL,23:30,2:30,3:00
TJ-KIK,TJ-YD,Single,NULL,2:10,5:10,3:00
TJ-KIK,SMM-YD,Single,NULL,2:10,5:10,3:00
TJ-KIK,NMJ-YD,Single,NULL,1:10,4:10,3:00
TJ-KIK,KDE-YD,Single,NULL,1:10,4:10,3:00
TJ-KIK,KU-YD,Single,NULL,1:10,4:10,3:00
TJ-KIK,TVR-YD,Single,NULL,23:30,2:30,3:00
TJ-KIK,KVL-YD,Single,NULL,23:30,2:30,3:00
TJ-KIK,NGT-YD,Single,NULL,23:30,2:30,3:00
TJ-KIK,NCR-YD,Single,NULL,23:30,2:30,3:00
TJ-KIK,KIK-YD,Single,NULL,23:30,2:30,3:00
MV-TVR,MV-PEM,Single,NULL,10:45,13:45,3:00
MV-TVR,PEM-NNM,Single,NULL,10:45,13:45,3:00
MV-TVR,NNM-TVR,Single,NULL,10:45,13:45,3:00
MV-TVR,MV-YD,Single,NULL,10:45,13:45,3:00
MV-TVR,PEM-YD,Single,NULL,10:45,13:45,3:00
MV-TVR,POM-YD,Single,NULL,10:45,13:45,3:00
MV-TVR,NNM-YD,Single,NULL,10:45,13:45,3:00
MV-TVR,TVR-YD,Single,NULL,10:45,13:45,3:00
KPD-VM,KPD-VLR,Single,NULL,23:00,2:00,3:00
KPD-VM,VLR-KNB,Single,NULL,22:50,1:50,3:00
KPD-VM,KNB-ARV,Single,NULL,22:40,1:40,3:00
KPD-VM,ARV-PRL,Single,NULL,22:20,1:20,3:00
KPD-VM,PRL-AGM,Single,NULL,22:10,1:10,3:00
KPD-VM,AGM-TJM,Single,NULL,22:05,1:05,3:00
KPD-VM,TJM-TNM,Single,NULL,21:55,0:55,3:00
KPD-VM,TNM-TNI,Single,NULL,21:40,0:40,3:00
KPD-VM,TNI-TRK,Single,NULL,21:30,0:30,3:00
KPD-VM,TRK-MMP,Single,NULL,21:20,0:20,3:00
KPD-VM,MMP-VKM,Single,NULL,21:15,0:15,3:00
KPD-VM,VKM-VM,Single,NULL,21:00,0:00,3:00
KPD-VM,KPD-YD,Single,NULL,23:00,2:00,3:00
KPD-VM,VLR-YD,Single,NULL,22:50,1:50,3:00
KPD-VM,KNB-YD,Single,NULL,22:40,1:40,3:00
KPD-VM,KMM-YD,Single,NULL,22:20,1:20,3:00
KPD-VM,ARV-YD,Single,NULL,22:10,1:10,3:00
KPD-VM,PRL-YD,Single,NULL,22:05,1:05,3:00
KPD-VM,AGM-YD,Single,NULL,21:55,0:55,3:00
KPD-VM,TJM-YD,Single,NULL,21:40,0:40,3:00
KPD-VM,TNM-YD,Single,NULL,21:30,0:30,3:00
KPD-VM,TNI-YD,Single,NULL,21:20,0:20,3:00
KPD-VM,TRK-YD,Single,NULL,21:15,0:15,3:00
KPD-VM,MMP-YD,Single,NULL,21:00,0:00,3:00
KPD-VM,VKM-YD,Single,NULL,21:00,0:00,3:00
KPD-VM,VM-YD,Single,NULL,21:00,0:00,3:00
CUP J-VRI,CUP J-KJKPD,Single,NULL,11:15,14:15,3:00
CUP J-VRI,KJPD-VLU,Single,NULL,11:15,14:15,3:00
CUP J-VRI,VLU-NVL,Single,NULL,11:15,14:15,3:00
CUP J-VRI,NVL-UMG,Single,NULL,11:15,14:15,3:00
CUP J-VRI,UMG-VRI,Single,NULL,11:15,14:15,3:00
CUP J-VRI,CUP J-YD,Single,NULL,11:15,14:15,3:00
CUP J-VRI,KJKPD-YD,Single,NULL,11:15,14:15,3:00
CUP J-VRI,VLU-YD,Single,NULL,11:15,14:15,3:00
CUP J-VRI,NVL-YD,Single,NULL,11:15,14:15,3:00
CUP J-VRI,UMG-YD,Single,NULL,11:15,14:15,3:00
CUP J-VRI,VRI-YD,Single,NULL,11:15,14:15,3:00
VM-PDY,VM-CBU,Single,NULL,0:00,3:00,3:00
VM-PDY,CBU-PDY,Single,NULL,0:00,3:00,3:00
VM-PDY,CBU-YD,Single,NULL,0:00,3:00,3:00
VM-PDY,PDY-YD,Single,NULL,0:00,3:00,3:00
TPJ-TP,TPJ-TP,Single,NULL,23:25,2:25,3:00
TPJ-TP,TPJ-YD,Single,NULL,23:25,2:25,3:00
TPJ-TP,TP-YD,Single,NULL,23:25,2:25,3:00
NGT-VLNK,NGT-VLNK,Single,NULL,13:00,16:00,3:00
NGT-VLNK,NGT-YD,Single,NULL,13:00,16:00,3:00
NGT-VLNK,VLNK-YD,Single,NULL,13:00,16:00,3:00
TVR-KKDI,TVR-TNK,Single,NULL,10:15,13:15,3:00
TVR-KKDI,TNK- TTP,Single,NULL,10:15,13:15,3:00
TVR-KKDI,TTP-AMM,Single,NULL,10:15,13:15,3:00
TVR-KKDI,AMM-PKT,Single,NULL,10:15,13:15,3:00
TVR-KKDI,PKT-PVI,Single,NULL,9:30,12:30,3:00
TVR-KKDI,PVI-AYI,Single,NULL,9:30,12:30,3:00
TVR-KKDI,AYI-ATQ,Single,NULL,9:30,12:30,3:00
TVR-KKDI,ATQ-PYK,Single,NULL,9:30,12:30,3:00
TVR-KKDI,PYK-KKDI,Single,NULL,9:30,12:30,3:00
TVR-KKDI,TVR-YD,Single,NULL,10:15,13:15,3:00
TVR-KKDI,TNK-YD,Single,NULL,10:15,13:15,3:00
TVR-KKDI,TTP-YD,Single,NULL,10:15,13:15,3:00
TVR-KKDI,TAM-YD,Single,NULL,10:15,13:15,3:00
TVR-KKDI,AMM-YD,Single,NULL,10:15,13:15,3:00
TVR-KKDI,PKT-YD,Single,NULL,9:30,12:30,3:00
TVR-KKDI,PVI-YD,Single,NULL,9:30,12:30,3:00
TVR-KKDI,AYI-YD,Single,NULL,9:30,12:30,3:00
TVR-KKDI,ATQ-YD,Single,NULL,9:30,12:30,3:00
TVR-KKDI,PYK-YD,Single,NULL,9:30,12:30,3:00
TVR-KKDI,KKDI-YD,Single,NULL,9:30,12:30,3:00
TTP-AGX,TTP-AGX,Single,NULL,10:00,13:00,3:00
TTP-AGX,TTP-YD,Single,NULL,10:00,13:00,3:00
TTP-AGX,AGX-YD,Single,NULL,10:00,13:00,3:00
NMJ-MQ,NMJ-MQ,Single,NULL,8:55,11:55,3:00
NMJ-MQ,NMJ-YD,Single,NULL,8:55,11:55,3:00
NMJ-MQ,MQ-YD,Single,NULL,8:55,11:55,3:00
VM-MV,VM-SXR,Single,NULL,10:55,13:55,3:00
VM-MV,SXR-TUY,Single,NULL,10:55,13:55,3:00
VM-MV,TUY-PRT,Single,NULL,10:55,13:55,3:00
VM-MV,PRT-MBU,Single,NULL,10:55,13:55,3:00
VM-MV,MBU-NPM,Single,NULL,10:55,13:55,3:00
VM-MV,NPM-TDPR,Single,NULL,10:55,13:55,3:00
VM-MV,TDPR-CUPJ,Single,NULL,10:55,13:55,3:00
VM-MV,CUPJ-ALP,Single,NULL,8:55,11:35,2:40
VM-MV,ALP-PUC,Single,NULL,8:45,11:45,3:00
VM-MV,PUC-KII,Single,NULL,8:45,11:45,3:00
VM-MV,KII-CDM,Single,NULL,8:45,11:45,3:00
VM-MV,CDM-CLN,Single,NULL,9:20,12:10,2:50
VM-MV,CLN-SY,Single,NULL,9:20,12:10,2:50
VM-MV,SY-VDL,Single,NULL,9:20,12:10,2:50
VM-MV,VDL-ANP,Single,NULL,9:20,12:10,2:50
VM-MV,ANP-MV,Single,NULL,9:20,12:10,2:50
VM-MV,VM-YD,Single,NULL,8:55,11:55,3:00
VM-MV,SXR-YD,Single,NULL,8:55,11:55,3:00
VM-MV,TUY-YD,Single,NULL,8:55,11:55,3:00
VM-MV,PRT-YD,Single,NULL,8:55,11:55,3:00
VM-MV,MBU-YD,Single,NULL,8:55,11:55,3:00
VM-MV,NPM-YD,Single,NULL,8:55,11:55,3:00
VM-MV,TDPR-YD,Single,NULL,8:55,11:55,3:00
VM-MV,CUPJ-YD,Single,NULL,8:55,11:55,3:00
VM-MV,ALP-YD,Single,NULL,8:55,11:35,2:40
VM-MV,PUC-YD,Single,NULL,8:45,11:45,3:00
VM-MV,KII-YD,Single,NULL,8:45,11:45,3:00
VM-MV,CDM-YD,Single,NULL,8:45,11:45,3:00
VM-MV,CLN-YD,Single,NULL,9:20,12:10,2:50
VM-MV,SY-YD,Single,NULL,9:20,12:10,2:50
VM-MV,VDL-YD,Single,NULL,9:20,12:10,2:50
VM-MV,ANP-YD,Single,NULL,9:20,12:10,2:50
VM-MV,MV-YD,Single,NULL,9:20,12:10,2:50
TPJ-MV,TPJ-GOC,DN,NULL,9:55,12:55,3:00
TPJ-MV,GOC-TRB,DN,NULL,9:55,12:55,3:00
TPJ-MV,TRB-SGM,DN,NULL,9:55,12:55,3:00
TPJ-MV,SGM-BAL,DN,NULL,9:55,12:55,3:00
TPJ-MV,BAL-ALK,DN,NULL,9:55,12:55,3:00
TPJ-MV,ALK-TJ,DN,NULL,9:55,12:55,3:00
TPJ-MV,TPJ-GOC,UP,NULL,23:25,2:25,3:00
TPJ-MV,GOC-TRB,UP,NULL,23:25,2:25,3:00
TPJ-MV,TRB-SGM,UP,NULL,23:25,2:25,3:00
TPJ-MV,SGM-BAL,UP,NULL,23:25,2:25,3:00
TPJ-MV,BAL-ALK,UP,NULL,23:25,2:25,3:00
TPJ-MV,ALK-TJ,UP,NULL,23:25,2:25,3:00
TPJ-MV,TJ-TT,Single,NULL,9:00,11:55,2:55
TPJ-MV,TT-PDV,Single,NULL,8:45,11:45,3:00
TPJ-MV,PDV-SPL,Single,NULL,8:45,11:45,3:00
TPJ-MV,SPL-KMU,Single,NULL,8:45,11:45,3:00
TPJ-MV,KMU-ADT,Single,NULL,8:50,11:50,3:00
TPJ-MV,ADT-KTM,Single,NULL,8:50,11:50,3:00
TPJ-MV,KTM-MV,Single,NULL,9:10,12:10,3:00
TPJ-MV,TPJ-YD,DN,NULL,9:55,12:55,3:00
TPJ-MV,GOC-YD,DN,NULL,9:55,12:55,3:00
TPJ-MV,TRB-YD,DN,NULL,9:55,12:55,3:00
TPJ-MV,SGM-YD,DN,NULL,9:55,12:55,3:00
TPJ-MV,BAL-YD,DN,NULL,9:55,12:55,3:00
TPJ-MV,ALK-YD,DN,NULL,9:55,12:55,3:00
TPJ-MV,TPJ-YD,UP,NULL,23:25,2:25,3:00
TPJ-MV,GOC-YD,UP,NULL,23:25,2:25,3:00
TPJ-MV,TRB-YD,UP,NULL,23:25,2:25,3:00
TPJ-MV,SGM-YD,UP,NULL,23:25,2:25,3:00
TPJ-MV,BAL-YD,UP,NULL,23:25,2:25,3:00
TPJ-MV,ALK-YD,UP,NULL,23:25,2:25,3:00
TPJ-MV,TJ-YD,Single,NULL,9:00,11:55,2:55
TPJ-MV,TT-YD,Single,NULL,8:45,11:45,3:00
TPJ-MV,PDV-YD,Single,NULL,8:45,11:45,3:00
TPJ-MV,SPL-YD,Single,NULL,8:45,11:45,3:00
TPJ-MV,KMU-YD,Single,NULL,8:50,11:50,3:00
TPJ-MV,ADT-YD,Single,NULL,8:50,11:50,3:00
TPJ-MV,KTM-YD,Single,NULL,8:50,11:50,3:00
TPJ-MV,MV-YD,Single,NULL,9:10,12:10,3:00
SRR-CHTS,SRRB-VTK,UP,NULL,18:30,21:30,3:00
SRR-CHTS,VTK-WKI,UP,NULL,18:30,21:30,3:00
SRR-CHTS,WKI-MGK,UP,NULL,18:30,21:30,3:00
SRR-CHTS,MGK-PNQ,UP,NULL,18:30,21:30,3:00
SRR-CHTS,PNQ-TCR,UP,NULL,18:30,21:30,3:00
SRR-CHTS,TCR-OLR,UP,NULL,18:30,21:30,3:00
SRR-CHTS,OLR-PUK,UP,NULL,18:30,21:30,3:00
SRR-CHTS,PUK-IJK,UP,NULL,18:30,21:30,3:00
SRR-CHTS,IJK-CKI,UP,NULL,18:30,21:30,3:00
SRR-CHTS,CKI-KUC,UP,NULL,18:30,21:30,3:00
SRR-CHTS,KUC-AFK,UP,NULL,18:30,21:30,3:00
SRR-CHTS,AFK-AWY,UP,NULL,18:30,21:30,3:00
SRR-CHTS,AWY-KLMR,UP,NULL,18:30,21:30,3:00
SRR-CHTS,KLMR-IPL,UP,NULL,18:30,21:30,3:00
SRR-CHTS,IPL-VPDM,Single ,NULL,18:30,21:30,3:00
SRR-CHTS,IPL-ERN,UP,NULL,18:30,21:30,3:00
SRR-CHTS,ERN-ERS,UP,NULL,18:30,21:30,3:00
SRR-CHTS,ERS-CHTS,Single ,NULL,18:30,21:30,3:00
SRR-CHTS,ERN-ERSC,UP,NULL,18:30,21:30,3:00
SRR-CHTS,ERSC-ERSD,UP,NULL,18:30,21:30,3:00
SRR-CHTS,ERSD-IPN,Single ,NULL,18:30,21:30,3:00
SRR-CHTS,ERSC-ERM,Single ,NULL,18:30,21:30,3:00
SRR-CHTS,ERM-ERSD,Single ,NULL,18:30,21:30,3:00
SRR-CHTS,SRRB-VTK,DN,NULL,18:30,21:30,3:00
SRR-CHTS,VTK-WKI,DN,NULL,18:30,21:30,3:00
SRR-CHTS,WKI-MGK,DN,NULL,18:30,21:30,3:00
SRR-CHTS,MGK-PNQ,DN,NULL,18:30,21:30,3:00
SRR-CHTS,PNQ-TCR,DN,NULL,18:30,21:30,3:00
SRR-CHTS,TCR-OLR,DN,NULL,18:30,21:30,3:00
SRR-CHTS,OLR-PUK,DN,NULL,18:30,21:30,3:00
SRR-CHTS,PUK-IJK,DN,NULL,18:30,21:30,3:00
SRR-CHTS,IJK-CKI,DN,NULL,18:30,21:30,3:00
SRR-CHTS,CKI-KUC,DN,NULL,18:30,21:30,3:00
SRR-CHTS,KUC-AFK,DN,NULL,18:30,21:30,3:00
SRR-CHTS,AFK-AWY,DN,NULL,18:30,21:30,3:00
SRR-CHTS,AWY-KLMR,DN,NULL,18:30,21:30,3:00
SRR-CHTS,KLMR-IPL,DN,NULL,18:30,21:30,3:00
SRR-CHTS,IPL-ERN,DN,NULL,18:30,21:30,3:00
SRR-CHTS,ERN-ERS,DN,NULL,18:30,21:30,3:00
SRR-CHTS,ERN-ERSC,DN,NULL,18:30,21:30,3:00
SRR-CHTS,ERSC-ERSD,DN,NULL,18:30,21:30,3:00
SRR-CHTS,VTK-YD,UP,NULL,18:30,21:30,3:00
SRR-CHTS,WKI-YD,UP,NULL,18:30,21:30,3:00
SRR-CHTS,NGK-YD,UP,NULL,18:30,21:30,3:00
SRR-CHTS,PNQ-YD,UP,NULL,18:30,21:30,3:00
SRR-CHTS,TCR-YD,UP,NULL,18:30,21:30,3:00
SRR-CHTS,OLR-YD,UP,NULL,18:30,21:30,3:00
SRR-CHTS,PUK-YD,UP,NULL,18:30,21:30,3:00
SRR-CHTS,IJK-YD,UP,NULL,18:30,21:30,3:00
SRR-CHTS,CKI-YD,UP,NULL,18:30,21:30,3:00
SRR-CHTS,KUC-YD,UP,NULL,18:30,21:30,3:00
SRR-CHTS,AFK-YD,UP,NULL,18:30,21:30,3:00
SRR-CHTS,AWY-YD,UP,NULL,18:30,21:30,3:00
SRR-CHTS,KLMR-YD,UP,NULL,18:30,21:30,3:00
SRR-CHTS,VPDM-YD,UP,NULL,18:30,21:30,3:00
SRR-CHTS,ERN-YD,UP,NULL,18:30,21:30,3:00
SRR-CHTS,ERS-YD,UP,NULL,18:30,21:30,3:00
SRR-CHTS,CHTS-YD,UP,NULL,18:30,21:30,3:00
SRR-CHTS,IPL-YD,Single ,NULL,18:30,21:30,3:00
SRR-CHTS,VTK-YD,DN,NULL,18:30,21:30,3:00
SRR-CHTS,WKI-YD,DN,NULL,18:30,21:30,3:00
SRR-CHTS,NGK-YD,DN,NULL,18:30,21:30,3:00
SRR-CHTS,PNQ-YD,DN,NULL,18:30,21:30,3:00
SRR-CHTS,TCR-YD,DN,NULL,18:30,21:30,3:00
SRR-CHTS,OLR-YD,DN,NULL,18:30,21:30,3:00
SRR-CHTS,PUK-YD,DN,NULL,18:30,21:30,3:00
SRR-CHTS,IJK-YD,DN,NULL,18:30,21:30,3:00
SRR-CHTS,CKI-YD,DN,NULL,18:30,21:30,3:00
SRR-CHTS,KUC-YD,DN,NULL,18:30,21:30,3:00
SRR-CHTS,AFK-YD,DN,NULL,18:30,21:30,3:00
SRR-CHTS,AWY-YD,DN,NULL,18:30,21:30,3:00
SRR-CHTS,KLMR-YD,DN,NULL,18:30,21:30,3:00
SRR-CHTS,VPDM-YD,DN,NULL,18:30,21:30,3:00
SRR-CHTS,ERN-YD,DN,NULL,18:30,21:30,3:00
SRR-CHTS,ERS-YD,DN,NULL,18:30,21:30,3:00
SRR-CHTS,CHTS-YD,DN,NULL,18:30,21:30,3:00
TCR-GUV,TCR-PNQ,DN,NULL,0:00,4:00,4:00
TCR-GUV,TCR-PNQ,Single,NULL,0:00,4:00,4:00
TCR-GUV,PNQ-GUV,UP,NULL,0:00,4:00,4:00
ERS-KTYM-KYJ,ERS-TRTR,UP,NULL,23:30,2:30,3:00
ERS-KTYM-KYJ,TRTR-MNTT,UP,NULL,23:30,2:30,3:00
ERS-KTYM-KYJ,TRTR-IPN,Single,NULL,23:30,2:30,3:00
ERS-KTYM-KYJ,MNTT-PVRD,UP,NULL,23:30,2:30,3:00
ERS-KTYM-KYJ,PVRD-VARD,UP,NULL,23:30,2:30,3:00
ERS-KTYM-KYJ,VARD-KRPP,UP,NULL,23:30,2:30,3:00
ERS-KTYM-KYJ,KRPP-ETM,UP,NULL,23:30,2:30,3:00
ERS-KTYM-KYJ,ETM-KTYM,UP,NULL,23:30,2:30,3:00
ERS-KTYM-KYJ,KTYM-CGV,UP,NULL,23:30,2:30,3:00
ERS-KTYM-KYJ,CGV-CGY,UP,NULL,23:30,2:30,3:00
ERS-KTYM-KYJ,CGY-TRVL,UP,NULL,23:30,2:30,3:00
ERS-KTYM-KYJ,TRVL-CNGR,UP,NULL,23:30,2:30,3:00
ERS-KTYM-KYJ,CNGR-MVLK,UP,NULL,23:30,2:30,3:00
ERS-KTYM-KYJ,MVLK-KYJ,UP,NULL,23:30,2:30,3:00
ERS-KTYM-KYJ,ERS-YD,UP,NULL,23:30,2:30,3:00
ERS-KTYM-KYJ,TRTR-YD,Single,NULL,23:30,2:30,3:00
ERS-KTYM-KYJ,MNTT-YD,UP,NULL,23:30,2:30,3:00
ERS-KTYM-KYJ,PVRD-YD,UP,NULL,23:30,2:30,3:00
ERS-KTYM-KYJ,VARD-YD,UP,NULL,23:30,2:30,3:00
ERS-KTYM-KYJ,KRPP-YD,UP,NULL,23:30,2:30,3:00
ERS-KTYM-KYJ,ETM-YD,UP,NULL,23:30,2:30,3:00
ERS-KTYM-KYJ,KYTM-YD,UP,NULL,23:30,2:30,3:00
ERS-KTYM-KYJ,CGV-YD,UP,NULL,23:30,2:30,3:00
ERS-KTYM-KYJ,CGY-YD,UP,NULL,23:30,2:30,3:00
ERS-KTYM-KYJ,TVRL-YD,UP,NULL,23:30,2:30,3:00
ERS-KTYM-KYJ,CNGR-YD,UP,NULL,23:30,2:30,3:00
ERS-KTYM-KYJ,MVLK-YD,UP,NULL,23:30,2:30,3:00
ERS-KTYM-KYJ,KYJ-YD,UP,NULL,23:30,2:30,3:00
ERS-KTYM-KYJ,ERS-TRTR,DN,NULL,20:30,23:40,3:10
ERS-KTYM-KYJ,TRTR-MNTT,DN,NULL,20:30,23:40,3:10
ERS-KTYM-KYJ,MNTT-PVRD,DN,NULL,20:30,23:40,3:10
ERS-KTYM-KYJ,PVRD-VARD,DN,NULL,20:30,23:40,3:10
ERS-KTYM-KYJ,VARD-KRPP,DN,NULL,20:30,23:40,3:10
ERS-KTYM-KYJ,KRPP-ETM,DN,NULL,20:30,23:40,3:10
ERS-KTYM-KYJ,ETM-KTYM,DN,NULL,20:30,23:40,3:10
ERS-KTYM-KYJ,KTYM-CGV,DN,NULL,20:30,23:40,3:10
ERS-KTYM-KYJ,CGV-CGY,DN,NULL,20:30,23:40,3:10
ERS-KTYM-KYJ,CGY-TRVL,DN,NULL,20:30,23:40,3:10
ERS-KTYM-KYJ,TRVL-CNGR,DN,NULL,20:30,23:40,3:10
ERS-KTYM-KYJ,CNGR-MVLK,DN,NULL,20:30,23:40,3:10
ERS-KTYM-KYJ,MVLK-KYJ,DN,NULL,20:30,23:40,3:10
ERS-KTYM-KYJ,ERS-YD,DN,NULL,20:30,23:40,3:10
ERS-KTYM-KYJ,MNTT-YD,DN,NULL,20:30,23:40,3:10
ERS-KTYM-KYJ,PVRD-YD,DN,NULL,20:30,23:40,3:10
ERS-KTYM-KYJ,VARD-YD,DN,NULL,20:30,23:40,3:10
ERS-KTYM-KYJ,KRPP-YD,DN,NULL,20:30,23:40,3:10
ERS-KTYM-KYJ,ETM-YD,DN,NULL,20:30,23:40,3:10
ERS-KTYM-KYJ,KYTM-YD,DN,NULL,20:30,23:40,3:10
ERS-KTYM-KYJ,CGV-YD,DN,NULL,20:30,23:40,3:10
ERS-KTYM-KYJ,CGY-YD,DN,NULL,20:30,23:40,3:10
ERS-KTYM-KYJ,TVRL-YD,DN,NULL,20:30,23:40,3:10
ERS-KTYM-KYJ,CNGR-YD,DN,NULL,20:30,23:40,3:10
ERS-KTYM-KYJ,MVLK-YD,DN,NULL,20:30,23:40,3:10
ERS-KTYM-KYJ,KYJ-YD,DN,NULL,20:30,23:40,3:10
KYJ-QLN,KYJ-OCR,DN,NULL,23:35,2:35,3:00
KYJ-QLN,OCR-KPY,DN,NULL,23:35,2:35,3:00
KYJ-QLN,KPY-STKT,DN,NULL,23:35,2:35,3:00
KYJ-QLN,STKT-PRND,DN,NULL,23:35,2:35,3:00
KYJ-QLN,PRND-QLN,DN,NULL,23:35,2:35,3:00
KYJ-QLN,KYJ-YD,DN,NULL,23:35,2:35,3:00
KYJ-QLN,OCR-YD,DN,NULL,23:35,2:35,3:00
KYJ-QLN,KPY-YD,DN,NULL,23:35,2:35,3:00
KYJ-QLN,STKT-YD,DN,NULL,23:35,2:35,3:00
KYJ-QLN,PRND-YD,DN,NULL,23:35,2:35,3:00
KYJ-QLN,OLN-YD,DN,NULL,23:35,2:35,3:00
KYJ-QLN,KYJ-OCR,UP,NULL,22:25,1:45,3:20
KYJ-QLN,OCR-KPY,UP,NULL,22:25,1:45,3:20
KYJ-QLN,KPY-STKT,UP,NULL,22:25,1:45,3:20
KYJ-QLN,STKT-PRND,UP,NULL,22:25,1:45,3:20
KYJ-QLN,PRND-QLN,UP,NULL,22:25,1:45,3:20
KYJ-QLN,KYJ-YD,UP,NULL,22:25,1:45,3:20
KYJ-QLN,OCR-YD,UP,NULL,22:25,1:45,3:20
KYJ-QLN,KPY-YD,UP,NULL,22:25,1:45,3:20
KYJ-QLN,STKT-YD,UP,NULL,22:25,1:45,3:20
KYJ-QLN,PRND-YD,UP,NULL,22:25,1:45,3:20
KYJ-QLN,OLN-YD,UP,NULL,22:25,1:45,3:20
QLN-TVC,QLN-PVU,DN,NULL,22:40,1:40,3:00
QLN-TVC,PVU-VAK,DN,NULL,22:40,1:40,3:00
QLN-TVC,VAK-KVU,DN,NULL,22:40,1:40,3:00
QLN-TVC,KVU-MQU,DN,NULL,22:40,1:40,3:00
QLN-TVC,MQU-KZK,DN,NULL,22:40,1:40,3:00
QLN-TVC,KZK-TVCN,DN,NULL,22:40,1:40,3:00
QLN-TVC,TVCN-TVC,DN,NULL,22:40,1:40,3:00
QLN-TVC,QLN-YD,DN,NULL,22:40,1:40,3:00
QLN-TVC,PVU-YD,DN,NULL,22:40,1:40,3:00
QLN-TVC,VAK-YD,DN,NULL,22:40,1:40,3:00
QLN-TVC,KVU-YD,DN,NULL,22:40,1:40,3:00
QLN-TVC,MQU-YD,DN,NULL,22:40,1:40,3:00
QLN-TVC,KZK-YD,DN,NULL,22:40,1:40,3:00
QLN-TVC,KCVL-YD,DN,NULL,22:40,1:40,3:00
QLN-TVC,TVC-YD,DN,NULL,22:40,1:40,3:00
QLN-TVC,QLN-PVU,UP,NULL,21:05,0:05,3:00
QLN-TVC,PVU-VAK,UP,NULL,21:05,0:05,3:00
QLN-TVC,VAK-KVU,UP,NULL,21:05,0:05,3:00
QLN-TVC,KVU-MQU,UP,NULL,21:05,0:05,3:00
QLN-TVC,MQU-KZK,UP,NULL,21:05,0:05,3:00
QLN-TVC,KZK-TVCN,UP,NULL,21:05,0:05,3:00
QLN-TVC,TVCN-TVC,UP,NULL,21:05,0:05,3:00
QLN-TVC,QLN-YD,UP,NULL,21:05,0:05,3:00
QLN-TVC,PVU-YD,UP,NULL,21:05,0:05,3:00
QLN-TVC,VAK-YD,UP,NULL,21:05,0:05,3:00
QLN-TVC,KVU-YD,UP,NULL,21:05,0:05,3:00
QLN-TVC,MQU-YD,UP,NULL,21:05,0:05,3:00
QLN-TVC,KZK-YD,UP,NULL,21:05,0:05,3:00
QLN-TVC,KCVL-YD,UP,NULL,21:05,0:05,3:00
QLN-TVC,TVC-YD,UP,NULL,21:05,0:05,3:00
TVC-NCJ,TVC-TVCS,Single ,NULL,23:30,2:30,3:00
TVC-NCJ,TVCS-NYY,Single ,NULL,23:30,2:30,3:00
TVC-NCJ,NYY-PASA,Single ,NULL,23:30,2:30,3:00
TVC-NCJ,PASA-KZT,Single ,NULL,23:30,2:30,3:00
TVC-NCJ,KZT-ERL,Single ,NULL,23:30,2:30,3:00
TVC-NCJ,ERL-NJT,Single ,NULL,23:30,2:30,3:00
TVC-NCJ,TVC-YD,Single ,NULL,23:30,2:30,3:00
TVC-NCJ,NEM-YD,Single ,NULL,23:30,2:30,3:00
TVC-NCJ,NYY-YD,Single ,NULL,23:30,2:30,3:00
TVC-NCJ,PASA-YD,Single ,NULL,23:30,2:30,3:00
TVC-NCJ,KZT-YD,Single ,NULL,23:30,2:30,3:00
TVC-NCJ,ERL-YD,Single ,NULL,23:30,2:30,3:00
TVC-NCJ,NJT-NCJ,UP,NULL,23:00,2:20,3:20
TVC-NCJ,NJT-NCJ,DN,NULL,23:00,2:00,3:00
TVC-NCJ,NCJ-YD,UP,NULL,23:00,2:20,3:20
TVC-NCJ,NJT-YD,DN,NULL,23:00,2:00,3:00
TVC-NCJ,NCJ-YD,DN,NULL,23:00,2:00,3:00
TVC-NCJ,NJT-YD,UP,NULL,23:00,2:20,3:20
NCJ-TEN,NCJ-AAY,DN,NULL,9:40,12:40,3:00
NCJ-TEN,AAY-NPK,DN,NULL,9:40,12:40,3:00
NCJ-TEN,NPK-VLY,DN,NULL,9:40,12:40,3:00
NCJ-TEN,VLY-NNN,DN,NULL,9:40,12:40,3:00
NCJ-TEN,NNN-MP,DN,NULL,9:40,12:40,3:00
NCJ-TEN,MP-TEN,DN,NULL,9:40,12:40,3:00
NCJ-TEN,NCJ-YD,DN,NULL,9:40,12:40,3:00
NCJ-TEN,AAY-YD,DN,NULL,9:40,12:40,3:00
NCJ-TEN,NPK-YD,DN,NULL,9:40,12:40,3:00
NCJ-TEN,VLY-YD,DN,NULL,9:40,12:40,3:00
NCJ-TEN,NNN-YD,DN,NULL,9:40,12:40,3:00
NCJ-TEN,MP-YD,DN,NULL,9:40,12:40,3:00
NCJ-TEN,TEN-YD,DN,NULL,9:40,12:40,3:00
NCJ-TEN,NCJ-AAY,UP,NULL,13:00,16:00,3:00
NCJ-TEN,AAY-NPK,UP,NULL,13:00,16:00,3:00
NCJ-TEN,NPK-VLY,UP,NULL,13:00,16:00,3:00
NCJ-TEN,VLY-NNN,UP,NULL,13:00,16:00,3:00
NCJ-TEN,NNN-MP,UP,NULL,13:00,16:00,3:00
NCJ-TEN,MP-TEN,UP,NULL,13:00,16:00,3:00
NCJ-TEN,NCJ-YD,UP,NULL,13:00,16:00,3:00
NCJ-TEN,AAY-YD,UP,NULL,13:00,16:00,3:00
NCJ-TEN,NPK-YD,UP,NULL,13:00,16:00,3:00
NCJ-TEN,VLY-YD,UP,NULL,13:00,16:00,3:00
NCJ-TEN,NNN-YD,UP,NULL,13:00,16:00,3:00
NCJ-TEN,MP-YD,UP,NULL,13:00,16:00,3:00
NCJ-TEN,TEN-YD,UP,NULL,13:00,16:00,3:00
NCJ-CAPE,NCJ-CAPE,UP,NULL,0:00,3:00,3:00
NCJ-CAPE,NCJ-YD,UP,NULL,0:00,3:00,3:00
NCJ-CAPE,CAPE-YD,UP,NULL,0:00,3:00,3:00
NCJ-CAPE,NCJ-CAPE,DN,NULL,0:00,3:00,3:00
NCJ-CAPE,NCJ-YD,DN,NULL,0:00,3:00,3:00
NCJ-CAPE,CAPE-YD,DN,NULL,0:00,3:00,3:00